contract,date_utc,ticker,expirationDate,strike,right,close_btc,iv,volume,underlyingPrice
BTC-27SEP19-3000-C,2019-02-15,BTC,27SEP19,3000,C,0.263,61.92,1,3576.88
BTC-27SEP19-3000-C,2019-02-19,BTC,27SEP19,3000,C,0.309,60.85,2,3938.95
BTC-27SEP19-3000-C,2019-02-20,BTC,27SEP19,3000,C,0.303,58.57,9,3935.57
BTC-27SEP19-3000-C,2019-02-25,BTC,27SEP19,3000,C,0.289,63.97,2,3762.43
BTC-8MAR19-3500-P,2019-02-28,BTC,8MAR19,3500,P,0.0065,54.73,5,3783.1
BTC-22FEB19-5250-C,2019-02-20,BTC,22FEB19,5250,C,0.0005,176.91,2,3925.96
BTC-28JUN19-9000-C,2019-02-17,BTC,28JUN19,9000,C,0.0025,67.86,1,3598.66
BTC-28JUN19-9000-C,2019-02-18,BTC,28JUN19,9000,C,0.002,64.54,2,3694.46
BTC-28JUN19-9000-C,2019-02-20,BTC,28JUN19,9000,C,0.003,64.82,8,3907.63
BTC-28JUN19-9000-C,2019-02-21,BTC,28JUN19,9000,C,0.0025,63.7,14,3885.47
BTC-28JUN19-9000-C,2019-02-22,BTC,28JUN19,9000,C,0.003,64.63,4,3937.45
BTC-28JUN19-9000-C,2019-02-23,BTC,28JUN19,9000,C,0.0035,66.77,1,3931.38
BTC-28JUN19-9000-C,2019-02-24,BTC,28JUN19,9000,C,0.004,71.69,5,3785.99
BTC-28JUN19-9000-C,2019-02-25,BTC,28JUN19,9000,C,0.004,70.5,3,3854.49
BTC-28JUN19-9000-C,2019-02-26,BTC,28JUN19,9000,C,0.0035,70.26,185,3791.98
BTC-28JUN19-9000-C,2019-02-27,BTC,28JUN19,9000,C,0.003,69.06,1,3799.01
BTC-26APR19-2250-P,2019-02-17,BTC,26APR19,2250,P,0.006999999999999999,71.28,2,3572.78
BTC-26APR19-2250-P,2019-02-19,BTC,26APR19,2250,P,0.0035,72.43,5,3870.91
BTC-26APR19-2250-P,2019-02-20,BTC,26APR19,2250,P,0.004,75.03,1,3884.5
BTC-26APR19-2250-P,2019-02-21,BTC,26APR19,2250,P,0.003,71.92,2,3897.3
BTC-26APR19-2250-P,2019-02-24,BTC,26APR19,2250,P,0.0035,70.44,3,3748.7
BTC-26APR19-2250-P,2019-02-25,BTC,26APR19,2250,P,0.0035,71.81,2,3779.42
BTC-26APR19-2250-P,2019-02-26,BTC,26APR19,2250,P,0.0035,73.1,6,3791.53
BTC-26APR19-2250-P,2019-02-27,BTC,26APR19,2250,P,0.0035,73.9,1,3801.43
BTC-26APR19-2250-P,2019-02-28,BTC,26APR19,2250,P,0.0025,71.08,1,3819.93
BTC-28JUN19-3000-C,2019-02-16,BTC,28JUN19,3000,C,0.21899999999999997,57.48,2,3584.25
BTC-28JUN19-3000-C,2019-02-24,BTC,28JUN19,3000,C,0.318,70.72,5,4137.42
BTC-28JUN19-3000-C,2019-02-26,BTC,28JUN19,3000,C,0.257,64.65,1,3786.19
BTC-26APR19-2750-P,2019-02-16,BTC,26APR19,2750,P,0.0215,63.27,8,3585.31
BTC-26APR19-2750-P,2019-02-17,BTC,26APR19,2750,P,0.0195,64.03,2,3637.27
BTC-26APR19-2750-P,2019-02-18,BTC,26APR19,2750,P,0.0145,67.57,8,3850.04
BTC-26APR19-2750-P,2019-02-19,BTC,26APR19,2750,P,0.012,65.68,3,3870.95
BTC-26APR19-2750-P,2019-02-20,BTC,26APR19,2750,P,0.008,61.16,9,3924.14
BTC-26APR19-2750-P,2019-02-21,BTC,26APR19,2750,P,0.011000000000000001,66.37,4,3897.56
BTC-26APR19-2750-P,2019-02-23,BTC,26APR19,2750,P,0.008,68.98,3,4107.19
BTC-26APR19-2750-P,2019-02-24,BTC,26APR19,2750,P,0.0145,65.5,6,3750.15
BTC-26APR19-2750-P,2019-02-25,BTC,26APR19,2750,P,0.0125,66.49,9,3819.13
BTC-26APR19-2750-P,2019-02-27,BTC,26APR19,2750,P,0.0135,64.65,1,3711.98
BTC-26APR19-2750-P,2019-02-28,BTC,26APR19,2750,P,0.0105,64.46,1,3801.52
BTC-27SEP19-1500-P,2019-02-14,BTC,27SEP19,1500,P,0.0115,73.78,3,3559.67
BTC-27SEP19-1500-P,2019-02-18,BTC,27SEP19,1500,P,0.0095,78.37,14,3862.6
BTC-27SEP19-1500-P,2019-02-19,BTC,27SEP19,1500,P,0.006,72.67,3,3941.45
BTC-27SEP19-1500-P,2019-02-20,BTC,27SEP19,1500,P,0.006999999999999999,73.96,1,3877.01
BTC-27SEP19-1500-P,2019-02-22,BTC,27SEP19,1500,P,0.0055,71.57,1,3913.85
BTC-27SEP19-1500-P,2019-02-23,BTC,27SEP19,1500,P,0.0055,74.65,7,4097.41
BTC-27SEP19-1500-P,2019-02-26,BTC,27SEP19,1500,P,0.006,71.04,1,3819.06
BTC-27SEP19-1500-P,2019-02-27,BTC,27SEP19,1500,P,0.006999999999999999,72.88,5,3786.08
BTC-27SEP19-1500-P,2019-02-28,BTC,27SEP19,1500,P,0.006,71.35,2,3805.73
BTC-1MAR19-3375-C,2019-02-22,BTC,1MAR19,3375,C,0.1485,97.83,2,3926.1
BTC-1MAR19-3375-C,2019-02-24,BTC,1MAR19,3375,C,0.10300000000000001,57.42,9,3757.54
BTC-29MAR19-30000-P,2019-02-23,BTC,29MAR19,30000,P,6.61,0.0,1,3928.74
BTC-28JUN19-5000-P,2019-02-16,BTC,28JUN19,5000,P,0.4475,63.28,2,3594.56
BTC-28JUN19-5000-P,2019-02-18,BTC,28JUN19,5000,P,0.353,59.78,2,3858.35
BTC-28JUN19-5000-P,2019-02-19,BTC,28JUN19,5000,P,0.33,55.74,4,3900.14
BTC-29MAR19-3750-P,2019-02-15,BTC,29MAR19,3750,P,0.1065,53.33,15,3560.54
BTC-29MAR19-3750-P,2019-02-16,BTC,29MAR19,3750,P,0.10400000000000001,56.38,1,3584.52
BTC-29MAR19-3750-P,2019-02-17,BTC,29MAR19,3750,P,0.10400000000000001,55.71,10,3572.16
BTC-29MAR19-3750-P,2019-02-18,BTC,29MAR19,3750,P,0.0615,59.33,49,3867.54
BTC-29MAR19-3750-P,2019-02-19,BTC,29MAR19,3750,P,0.057,60.68,38,3902.02
BTC-29MAR19-3750-P,2019-02-20,BTC,29MAR19,3750,P,0.0475,56.22,28,3929.27
BTC-29MAR19-3750-P,2019-02-21,BTC,29MAR19,3750,P,0.052000000000000005,57.82,20,3889.79
BTC-29MAR19-3750-P,2019-02-22,BTC,29MAR19,3750,P,0.0455,57.91,14,3945.82
BTC-29MAR19-3750-P,2019-02-23,BTC,29MAR19,3750,P,0.0355,62.55,25,4114.31
BTC-29MAR19-3750-P,2019-02-24,BTC,29MAR19,3750,P,0.07200000000000001,61.01,39,3775.48
BTC-29MAR19-3750-P,2019-02-25,BTC,29MAR19,3750,P,0.0655,62.38,48,3825.15
BTC-29MAR19-3750-P,2019-02-26,BTC,29MAR19,3750,P,0.063,58.0,56,3794.84
BTC-29MAR19-3750-P,2019-02-27,BTC,29MAR19,3750,P,0.065,58.19,51,3767.96
BTC-29MAR19-3750-P,2019-02-28,BTC,29MAR19,3750,P,0.0595,57.82,21,3796.4
BTC-26APR19-5250-C,2019-02-15,BTC,26APR19,5250,C,0.006999999999999999,56.37,1,3559.32
BTC-26APR19-5250-C,2019-02-16,BTC,26APR19,5250,C,0.009000000000000001,58.89,1,3583.18
BTC-26APR19-5250-C,2019-02-18,BTC,26APR19,5250,C,0.014,57.17,4,3863.6
BTC-26APR19-5250-C,2019-02-19,BTC,26APR19,5250,C,0.019,61.29,1,3886.93
BTC-26APR19-5250-C,2019-02-20,BTC,26APR19,5250,C,0.0175,59.33,3,3924.05
BTC-26APR19-5250-C,2019-02-21,BTC,26APR19,5250,C,0.0165,59.2,2,3899.79
BTC-26APR19-5250-C,2019-02-23,BTC,26APR19,5250,C,0.0185,55.92,5,4093.63
BTC-26APR19-5250-C,2019-02-24,BTC,26APR19,5250,C,0.013000000000000001,63.13,4,3756.57
BTC-26APR19-5250-C,2019-02-25,BTC,26APR19,5250,C,0.012,61.62,3,3767.93
BTC-26APR19-5250-C,2019-02-26,BTC,26APR19,5250,C,0.011000000000000001,60.1,2,3789.94
BTC-26APR19-5250-C,2019-02-28,BTC,26APR19,5250,C,0.0105,58.88,4,3826.44
BTC-28JUN19-4500-P,2019-02-18,BTC,28JUN19,4500,P,0.265,58.43,2,3799.49
BTC-28JUN19-4500-P,2019-02-20,BTC,28JUN19,4500,P,0.223,54.44,2,3924.0
BTC-26APR19-5500-P,2019-02-24,BTC,26APR19,5500,P,0.4535,0.0,1,3803.13
BTC-27SEP19-5500-C,2019-02-14,BTC,27SEP19,5500,C,0.0495,58.32,1,3572.62
BTC-27SEP19-5500-C,2019-02-16,BTC,27SEP19,5500,C,0.0525,59.11,3,3589.86
BTC-27SEP19-5500-C,2019-02-17,BTC,27SEP19,5500,C,0.049,57.01,2,3629.29
BTC-27SEP19-5500-C,2019-02-18,BTC,27SEP19,5500,C,0.0645,57.54,6,3870.35
BTC-27SEP19-5500-C,2019-02-19,BTC,27SEP19,5500,C,0.069,58.71,3,3882.13
BTC-27SEP19-5500-C,2019-02-25,BTC,27SEP19,5500,C,0.066,60.3,6,3846.31
BTC-27SEP19-5500-C,2019-02-26,BTC,27SEP19,5500,C,0.06,59.28,3,3787.3
BTC-27SEP19-5500-C,2019-02-27,BTC,27SEP19,5500,C,0.06,59.87,5,3763.58
BTC-27SEP19-5500-C,2019-02-28,BTC,27SEP19,5500,C,0.0605,58.94,3,3811.85
BTC-26APR19-5250-P,2019-02-24,BTC,26APR19,5250,P,0.3915,49.56,1,3808.27
BTC-27SEP19-6000-C,2019-02-14,BTC,27SEP19,6000,C,0.0365,58.74,3,3572.62
BTC-27SEP19-6000-C,2019-02-15,BTC,27SEP19,6000,C,0.036000000000000004,58.43,1,3577.91
BTC-27SEP19-6000-C,2019-02-16,BTC,27SEP19,6000,C,0.0385,59.07,4,3597.77
BTC-27SEP19-6000-C,2019-02-18,BTC,27SEP19,6000,C,0.048,57.9,6,3869.58
BTC-27SEP19-6000-C,2019-02-19,BTC,27SEP19,6000,C,0.0555,59.64,4,3948.14
BTC-27SEP19-6000-C,2019-02-20,BTC,27SEP19,6000,C,0.0515,58.26,2,3927.89
BTC-27SEP19-6000-C,2019-02-21,BTC,27SEP19,6000,C,0.0485,57.75,1,3893.47
BTC-27SEP19-6000-C,2019-02-22,BTC,27SEP19,6000,C,0.0525,58.61,1,3937.84
BTC-27SEP19-6000-C,2019-02-23,BTC,27SEP19,6000,C,0.0585,60.29,9,4008.85
BTC-27SEP19-6000-C,2019-02-24,BTC,27SEP19,6000,C,0.045,60.45,4,3750.87
BTC-27SEP19-6000-C,2019-02-25,BTC,27SEP19,6000,C,0.05,60.74,5,3849.25
BTC-27SEP19-6000-C,2019-02-26,BTC,27SEP19,6000,C,0.0445,58.88,1,3818.8
BTC-27SEP19-6000-C,2019-02-27,BTC,27SEP19,6000,C,0.045,60.66,3,3746.11
BTC-27SEP19-6000-C,2019-02-28,BTC,27SEP19,6000,C,0.044000000000000004,59.3,2,3794.71
BTC-8MAR19-3625-P,2019-02-28,BTC,8MAR19,3625,P,0.013000000000000001,55.97,19,3809.17
BTC-28JUN19-1500-C,2019-02-18,BTC,28JUN19,1500,C,0.6155,75.24,1,3895.46
BTC-26APR19-3500-P,2019-02-16,BTC,26APR19,3500,P,0.087,57.02,11,3585.81
BTC-26APR19-3500-P,2019-02-17,BTC,26APR19,3500,P,0.08900000000000001,57.68,4,3573.06
BTC-26APR19-3500-P,2019-02-18,BTC,26APR19,3500,P,0.054000000000000006,57.46,11,3856.25
BTC-26APR19-3500-P,2019-02-19,BTC,26APR19,3500,P,0.054000000000000006,63.11,3,3934.7
BTC-26APR19-3500-P,2019-02-20,BTC,26APR19,3500,P,0.042,54.45,5,3924.21
BTC-26APR19-3500-P,2019-02-21,BTC,26APR19,3500,P,0.05,60.9,2,3932.75
BTC-26APR19-3500-P,2019-02-22,BTC,26APR19,3500,P,0.0445,58.31,3,3938.64
BTC-26APR19-3500-P,2019-02-23,BTC,26APR19,3500,P,0.05,61.78,1,3932.64
BTC-26APR19-3500-P,2019-02-24,BTC,26APR19,3500,P,0.0665,57.82,9,3734.64
BTC-26APR19-3500-P,2019-02-27,BTC,26APR19,3500,P,0.062,58.79,4,3745.7
BTC-26APR19-3500-P,2019-02-28,BTC,26APR19,3500,P,0.0565,60.71,1,3823.3
BTC-1MAR19-4375-C,2019-02-21,BTC,1MAR19,4375,C,0.0035,59.6,9,3889.73
BTC-1MAR19-4375-C,2019-02-22,BTC,1MAR19,4375,C,0.004,60.17,13,3943.8
BTC-1MAR19-4375-C,2019-02-23,BTC,1MAR19,4375,C,0.0075,58.36,37,4109.56
BTC-1MAR19-4375-C,2019-02-24,BTC,1MAR19,4375,C,0.0005,68.85,23,3732.21
BTC-1MAR19-4375-C,2019-02-25,BTC,1MAR19,4375,C,0.001,75.52,4,3828.44
BTC-8MAR19-4125-C,2019-02-28,BTC,8MAR19,4125,C,0.0055,52.02,9,3801.41
BTC-22FEB19-3125-P,2019-02-15,BTC,22FEB19,3125,P,0.0015,59.77,9,3568.4
BTC-22FEB19-3125-P,2019-02-16,BTC,22FEB19,3125,P,0.0015,67.0,5,3594.15
BTC-22FEB19-3125-P,2019-02-17,BTC,22FEB19,3125,P,0.0015,71.7,4,3574.25
BTC-22FEB19-3125-P,2019-02-18,BTC,22FEB19,3125,P,0.0005,102.3,2,3879.09
BTC-27SEP19-8000-P,2019-02-15,BTC,27SEP19,8000,P,1.278,54.57,1,3561.14
BTC-29MAR19-4250-C,2019-02-14,BTC,29MAR19,4250,C,0.018000000000000002,54.92,8,3565.36
BTC-29MAR19-4250-C,2019-02-15,BTC,29MAR19,4250,C,0.017,54.01,25,3568.49
BTC-29MAR19-4250-C,2019-02-16,BTC,29MAR19,4250,C,0.0185,54.51,3,3593.67
BTC-29MAR19-4250-C,2019-02-17,BTC,29MAR19,4250,C,0.0195,54.64,7,3626.9
BTC-29MAR19-4250-C,2019-02-18,BTC,29MAR19,4250,C,0.0375,56.73,81,3869.16
BTC-29MAR19-4250-C,2019-02-19,BTC,29MAR19,4250,C,0.041,58.39,73,3891.56
BTC-29MAR19-4250-C,2019-02-20,BTC,29MAR19,4250,C,0.045,60.28,27,3924.0
BTC-29MAR19-4250-C,2019-02-21,BTC,29MAR19,4250,C,0.0385,57.55,19,3888.21
BTC-29MAR19-4250-C,2019-02-22,BTC,29MAR19,4250,C,0.0435,58.6,19,3949.84
BTC-29MAR19-4250-C,2019-02-23,BTC,29MAR19,4250,C,0.0595,60.51,31,4115.27
BTC-29MAR19-4250-C,2019-02-24,BTC,29MAR19,4250,C,0.0285,61.62,25,3770.62
BTC-29MAR19-4250-C,2019-02-25,BTC,29MAR19,4250,C,0.028999999999999998,59.41,47,3818.35
BTC-29MAR19-4250-C,2019-02-26,BTC,29MAR19,4250,C,0.026,58.52,27,3796.78
BTC-29MAR19-4250-C,2019-02-27,BTC,29MAR19,4250,C,0.0235,57.1,57,3792.54
BTC-29MAR19-4250-C,2019-02-28,BTC,29MAR19,4250,C,0.023,57.08,31,3794.08
BTC-26APR19-4750-C,2019-02-16,BTC,26APR19,4750,C,0.015,54.46,6,3586.16
BTC-26APR19-4750-C,2019-02-17,BTC,26APR19,4750,C,0.0145,54.45,7,3574.12
BTC-26APR19-4750-C,2019-02-18,BTC,26APR19,4750,C,0.0235,55.93,4,3771.44
BTC-26APR19-4750-C,2019-02-19,BTC,26APR19,4750,C,0.0315,57.43,4,3891.43
BTC-26APR19-4750-C,2019-02-20,BTC,26APR19,4750,C,0.0365,60.2,3,3924.0
BTC-26APR19-4750-C,2019-02-21,BTC,26APR19,4750,C,0.027999999999999997,55.13,7,3893.05
BTC-26APR19-4750-C,2019-02-22,BTC,26APR19,4750,C,0.032,57.13,2,3935.21
BTC-26APR19-4750-C,2019-02-23,BTC,26APR19,4750,C,0.044000000000000004,58.36,2,4129.17
BTC-26APR19-4750-C,2019-02-25,BTC,26APR19,4750,C,0.027000000000000003,61.0,6,3817.15
BTC-26APR19-4750-C,2019-02-26,BTC,26APR19,4750,C,0.0225,58.11,3,3798.71
BTC-22FEB19-4125-P,2019-02-18,BTC,22FEB19,4125,P,0.0775,57.07,1,3837.38
BTC-22FEB19-4125-P,2019-02-19,BTC,22FEB19,4125,P,0.0665,55.39,2,3874.11
BTC-22FEB19-4125-P,2019-02-20,BTC,22FEB19,4125,P,0.0525,55.07,9,3924.03
BTC-26APR19-3250-P,2019-02-16,BTC,26APR19,3250,P,0.059000000000000004,58.67,3,3582.32
BTC-26APR19-3250-P,2019-02-17,BTC,26APR19,3250,P,0.055999999999999994,57.08,2,3570.87
BTC-26APR19-3250-P,2019-02-18,BTC,26APR19,3250,P,0.0335,58.64,7,3856.89
BTC-26APR19-3250-P,2019-02-19,BTC,26APR19,3250,P,0.035,61.86,9,3877.46
BTC-26APR19-3250-P,2019-02-20,BTC,26APR19,3250,P,0.024,54.89,9,3924.21
BTC-26APR19-3250-P,2019-02-21,BTC,26APR19,3250,P,0.0325,62.49,1,3922.2
BTC-26APR19-3250-P,2019-02-22,BTC,26APR19,3250,P,0.0295,61.59,1,3935.27
BTC-26APR19-3250-P,2019-02-23,BTC,26APR19,3250,P,0.0205,61.28,1,4113.35
BTC-26APR19-3250-P,2019-02-24,BTC,26APR19,3250,P,0.0415,63.02,5,3792.04
BTC-26APR19-3250-P,2019-02-25,BTC,26APR19,3250,P,0.0435,63.07,1,3757.9
BTC-26APR19-3250-P,2019-02-26,BTC,26APR19,3250,P,0.0375,61.81,3,3806.15
BTC-26APR19-3250-P,2019-02-27,BTC,26APR19,3250,P,0.0415,60.67,3,3716.97
BTC-28JUN19-15000-C,2019-02-18,BTC,28JUN19,15000,C,0.001,83.92,2,3889.5
BTC-28JUN19-15000-C,2019-02-21,BTC,28JUN19,15000,C,0.001,84.46,2,3895.7
BTC-28JUN19-15000-C,2019-02-22,BTC,28JUN19,15000,C,0.0005,79.37,3,3891.71
BTC-28JUN19-15000-C,2019-02-23,BTC,28JUN19,15000,C,0.001,84.86,1,3925.87
BTC-28JUN19-15000-C,2019-02-24,BTC,28JUN19,15000,C,0.0005,82.96,5,3729.38
BTC-28JUN19-12000-C,2019-02-15,BTC,28JUN19,12000,C,0.0005,71.4,2,3558.24
BTC-28JUN19-12000-C,2019-02-16,BTC,28JUN19,12000,C,0.0005,71.01,2,3588.43
BTC-28JUN19-12000-C,2019-02-17,BTC,28JUN19,12000,C,0.0015,79.94,3,3578.68
BTC-28JUN19-12000-C,2019-02-19,BTC,28JUN19,12000,C,0.001,71.59,6,3942.15
BTC-28JUN19-12000-C,2019-02-20,BTC,28JUN19,12000,C,0.0015,75.88,1,3880.19
BTC-28JUN19-12000-C,2019-02-21,BTC,28JUN19,12000,C,0.002,78.53,2,3893.27
BTC-28JUN19-12000-C,2019-02-22,BTC,28JUN19,12000,C,0.001,72.43,2,3940.59
BTC-28JUN19-12000-C,2019-02-23,BTC,28JUN19,12000,C,0.001,72.87,1,3928.66
BTC-22FEB19-4250-P,2019-02-18,BTC,22FEB19,4250,P,0.10800000000000001,53.13,13,3837.38
BTC-22FEB19-4250-P,2019-02-19,BTC,22FEB19,4250,P,0.0965,0.0,19,3874.11
BTC-22FEB19-4250-P,2019-02-20,BTC,22FEB19,4250,P,0.0825,0.0,6,3924.83
BTC-27SEP19-4000-P,2019-02-14,BTC,27SEP19,4000,P,0.2735,59.74,2,3562.91
BTC-27SEP19-4000-P,2019-02-15,BTC,27SEP19,4000,P,0.271,59.61,1,3567.43
BTC-27SEP19-4000-P,2019-02-17,BTC,27SEP19,4000,P,0.2565,59.6,3,3621.17
BTC-27SEP19-4000-P,2019-02-18,BTC,27SEP19,4000,P,0.1945,56.83,13,3875.08
BTC-27SEP19-4000-P,2019-02-19,BTC,27SEP19,4000,P,0.188,58.88,4,3953.84
BTC-27SEP19-4000-P,2019-02-20,BTC,27SEP19,4000,P,0.184,56.25,2,3924.0
BTC-27SEP19-4000-P,2019-02-22,BTC,27SEP19,4000,P,0.1965,59.21,1,3893.75
BTC-27SEP19-4000-P,2019-02-23,BTC,27SEP19,4000,P,0.1725,61.82,1,4115.35
BTC-27SEP19-4000-P,2019-02-24,BTC,27SEP19,4000,P,0.242,64.32,4,3757.49
BTC-28JUN19-10000-C,2019-02-18,BTC,28JUN19,10000,C,0.0015,65.34,4,3885.51
BTC-28JUN19-10000-C,2019-02-20,BTC,28JUN19,10000,C,0.002,67.23,4,3928.39
BTC-28JUN19-10000-C,2019-02-21,BTC,28JUN19,10000,C,0.002,67.93,13,3891.7
BTC-28JUN19-10000-C,2019-02-22,BTC,28JUN19,10000,C,0.0025,69.61,7,3941.84
BTC-28JUN19-10000-C,2019-02-23,BTC,28JUN19,10000,C,0.0025,67.58,4,4104.22
BTC-28JUN19-10000-C,2019-02-24,BTC,28JUN19,10000,C,0.0025,67.01,5,4159.57
BTC-28JUN19-10000-C,2019-02-25,BTC,28JUN19,10000,C,0.002,70.95,2,3819.44
BTC-28JUN19-10000-C,2019-02-27,BTC,28JUN19,10000,C,0.002,72.59,4,3746.11
BTC-26APR19-4000-P,2019-02-17,BTC,26APR19,4000,P,0.1665,54.89,1,3597.96
BTC-26APR19-4000-P,2019-02-18,BTC,26APR19,4000,P,0.111,55.34,3,3888.78
BTC-26APR19-4000-P,2019-02-19,BTC,26APR19,4000,P,0.1135,58.18,1,3884.8
BTC-26APR19-4000-P,2019-02-20,BTC,26APR19,4000,P,0.1035,56.07,4,3924.21
BTC-26APR19-4000-P,2019-02-22,BTC,26APR19,4000,P,0.099,55.97,3,3941.23
BTC-26APR19-4000-P,2019-02-23,BTC,26APR19,4000,P,0.0835,60.34,5,4110.34
BTC-26APR19-4000-P,2019-02-24,BTC,26APR19,4000,P,0.1335,58.31,12,3777.99
BTC-1MAR19-4250-C,2019-02-21,BTC,1MAR19,4250,C,0.004,49.56,6,3899.76
BTC-1MAR19-4250-C,2019-02-22,BTC,1MAR19,4250,C,0.0055,53.24,15,3945.82
BTC-1MAR19-4250-C,2019-02-23,BTC,1MAR19,4250,C,0.015,58.85,40,4110.06
BTC-1MAR19-4250-C,2019-02-24,BTC,1MAR19,4250,C,0.002,74.16,30,3734.06
BTC-1MAR19-4250-C,2019-02-25,BTC,1MAR19,4250,C,0.0015,65.16,8,3835.14
BTC-1MAR19-4250-C,2019-02-26,BTC,1MAR19,4250,C,0.001,74.69,6,3795.82
BTC-29MAR19-10000-C,2019-02-19,BTC,29MAR19,10000,C,0.0005,106.53,1,3884.23
BTC-29MAR19-10000-C,2019-02-21,BTC,29MAR19,10000,C,0.0005,108.25,1,3933.38
BTC-22FEB19-5000-C,2019-02-15,BTC,22FEB19,5000,C,0.0005,106.13,1,3559.91
BTC-26APR19-2750-C,2019-02-21,BTC,26APR19,2750,C,0.302,54.79,5,3896.14
BTC-29MAR19-5250-P,2019-02-24,BTC,29MAR19,5250,P,0.3825,0.0,1,3812.62
BTC-22FEB19-4750-C,2019-02-15,BTC,22FEB19,4750,C,0.0005,92.28,1,3559.82
BTC-22FEB19-4750-C,2019-02-18,BTC,22FEB19,4750,C,0.0005,97.87,2,3861.88
BTC-22FEB19-4750-C,2019-02-19,BTC,22FEB19,4750,C,0.0005,100.01,2,3934.5
BTC-8MAR19-4250-C,2019-02-28,BTC,8MAR19,4250,C,0.0025,50.1,2,3823.57
BTC-29MAR19-4750-P,2019-02-24,BTC,29MAR19,4750,P,0.2585,54.25,1,3812.62
BTC-29MAR19-4750-P,2019-02-28,BTC,29MAR19,4750,P,0.2695,64.57,1,3777.8
BTC-26APR19-5500-C,2019-02-19,BTC,26APR19,5500,C,0.013,59.24,1,3939.29
BTC-26APR19-5500-C,2019-02-20,BTC,26APR19,5500,C,0.0155,63.03,16,3932.22
BTC-26APR19-5500-C,2019-02-21,BTC,26APR19,5500,C,0.013,60.2,1,3937.16
BTC-26APR19-5500-C,2019-02-22,BTC,26APR19,5500,C,0.0125,59.85,4,3947.38
BTC-26APR19-5500-C,2019-02-24,BTC,26APR19,5500,C,0.011000000000000001,65.56,10,3780.72
BTC-26APR19-5500-C,2019-02-25,BTC,26APR19,5500,C,0.01,63.17,7,3818.84
BTC-26APR19-5500-C,2019-02-27,BTC,26APR19,5500,C,0.008,63.61,2,3729.71
BTC-22FEB19-3625-P,2019-02-14,BTC,22FEB19,3625,P,0.037000000000000005,48.03,7,3563.02
BTC-22FEB19-3625-P,2019-02-15,BTC,22FEB19,3625,P,0.0345,47.55,8,3566.42
BTC-22FEB19-3625-P,2019-02-16,BTC,22FEB19,3625,P,0.0315,55.22,8,3593.8
BTC-22FEB19-3625-P,2019-02-17,BTC,22FEB19,3625,P,0.0225,52.26,4,3626.76
BTC-22FEB19-3625-P,2019-02-18,BTC,22FEB19,3625,P,0.0055,65.13,85,3849.52
BTC-22FEB19-3625-P,2019-02-19,BTC,22FEB19,3625,P,0.0025,71.7,32,3909.93
BTC-22FEB19-3625-P,2019-02-20,BTC,22FEB19,3625,P,0.0005,67.26,17,3918.48
BTC-22FEB19-3625-P,2019-02-21,BTC,22FEB19,3625,P,0.0005,83.66,10,3896.12
BTC-29MAR19-2750-P,2019-02-14,BTC,29MAR19,2750,P,0.011000000000000001,63.59,6,3574.46
BTC-29MAR19-2750-P,2019-02-15,BTC,29MAR19,2750,P,0.0105,62.61,2,3558.49
BTC-29MAR19-2750-P,2019-02-16,BTC,29MAR19,2750,P,0.0105,65.57,5,3592.41
BTC-29MAR19-2750-P,2019-02-18,BTC,29MAR19,2750,P,0.0065,72.98,13,3884.36
BTC-29MAR19-2750-P,2019-02-19,BTC,29MAR19,2750,P,0.0035,67.28,10,3942.53
BTC-29MAR19-2750-P,2019-02-21,BTC,29MAR19,2750,P,0.004,69.43,2,3892.29
BTC-29MAR19-2750-P,2019-02-22,BTC,29MAR19,2750,P,0.0035,70.4,3,3940.15
BTC-29MAR19-2750-P,2019-02-23,BTC,29MAR19,2750,P,0.0035,70.5,4,3931.38
BTC-29MAR19-2750-P,2019-02-24,BTC,29MAR19,2750,P,0.0035,64.07,10,3805.17
BTC-29MAR19-2750-P,2019-02-25,BTC,29MAR19,2750,P,0.005,69.89,5,3780.83
BTC-29MAR19-2750-P,2019-02-26,BTC,29MAR19,2750,P,0.0035,67.29,4,3802.1
BTC-29MAR19-2750-P,2019-02-27,BTC,29MAR19,2750,P,0.004,66.67,15,3719.38
BTC-29MAR19-2750-P,2019-02-28,BTC,29MAR19,2750,P,0.003,67.37,3,3810.15
BTC-22FEB19-2750-P,2019-02-14,BTC,22FEB19,2750,P,0.0005,82.79,4,3561.95
BTC-22FEB19-2750-P,2019-02-15,BTC,22FEB19,2750,P,0.001,96.24,2,3559.65
BTC-22FEB19-2750-P,2019-02-17,BTC,22FEB19,2750,P,0.0005,114.48,3,3629.0
BTC-22FEB19-2750-P,2019-02-18,BTC,22FEB19,2750,P,0.0005,119.6,2,3663.08
BTC-22FEB19-2750-P,2019-02-19,BTC,22FEB19,2750,P,0.0005,167.78,11,3861.76
BTC-1MAR19-3625-C,2019-02-21,BTC,1MAR19,3625,C,0.0765,54.45,5,3893.19
BTC-1MAR19-3625-C,2019-02-22,BTC,1MAR19,3625,C,0.0875,64.21,3,3941.24
BTC-1MAR19-3625-C,2019-02-24,BTC,1MAR19,3625,C,0.0475,71.05,6,3735.6
BTC-1MAR19-3625-C,2019-02-26,BTC,1MAR19,3625,C,0.055,53.59,1,3820.25
BTC-1MAR19-3625-C,2019-02-27,BTC,1MAR19,3625,C,0.0465,0.0,2,3802.12
BTC-29MAR19-7500-P,2019-02-15,BTC,29MAR19,7500,P,1.11,0.0,1,3561.42
BTC-29MAR19-7500-P,2019-02-18,BTC,29MAR19,7500,P,0.9455,0.0,14,3851.86
BTC-29MAR19-7500-P,2019-02-19,BTC,29MAR19,7500,P,0.909,99.17,2,3928.92
BTC-29MAR19-7500-P,2019-02-24,BTC,29MAR19,7500,P,0.8029999999999999,0.0,1,4154.37
BTC-29MAR19-7500-P,2019-02-27,BTC,29MAR19,7500,P,1.0505,89.89,6,3665.43
BTC-29MAR19-7500-P,2019-02-28,BTC,29MAR19,7500,P,0.9975,0.0,2,3761.68
BTC-28JUN19-3500-C,2019-02-14,BTC,28JUN19,3500,C,0.1375,56.49,1,3561.35
BTC-28JUN19-3500-C,2019-02-15,BTC,28JUN19,3500,C,0.1395,57.47,1,3550.61
BTC-28JUN19-3500-C,2019-02-16,BTC,28JUN19,3500,C,0.1475,57.99,2,3600.41
BTC-28JUN19-3500-C,2019-02-17,BTC,28JUN19,3500,C,0.1485,57.97,1,3620.74
BTC-28JUN19-3500-C,2019-02-19,BTC,28JUN19,3500,C,0.1985,61.18,1,3945.34
BTC-28JUN19-3500-C,2019-02-20,BTC,28JUN19,3500,C,0.189,57.69,1,3924.21
BTC-28JUN19-3500-C,2019-02-21,BTC,28JUN19,3500,C,0.1835,57.48,7,3886.17
BTC-28JUN19-3500-C,2019-02-23,BTC,28JUN19,3500,C,0.214,59.5,1,4111.42
BTC-28JUN19-3500-C,2019-02-24,BTC,28JUN19,3500,C,0.217,59.73,1,4114.3
BTC-28JUN19-3500-C,2019-02-25,BTC,28JUN19,3500,C,0.1755,61.98,3,3793.77
BTC-28JUN19-3500-C,2019-02-26,BTC,28JUN19,3500,C,0.1725,60.77,2,3797.62
BTC-28JUN19-3500-C,2019-02-27,BTC,28JUN19,3500,C,0.16,58.64,7,3733.99
BTC-22FEB19-3250-C,2019-02-14,BTC,22FEB19,3250,C,0.092,53.5,4,3563.64
BTC-22FEB19-3250-C,2019-02-15,BTC,22FEB19,3250,C,0.09300000000000001,60.25,8,3563.22
BTC-22FEB19-3250-C,2019-02-17,BTC,22FEB19,3250,C,0.0945,43.39,1,3587.1
BTC-22FEB19-3250-C,2019-02-18,BTC,22FEB19,3250,C,0.16399999999999998,121.71,28,3870.54
BTC-22FEB19-3250-C,2019-02-19,BTC,22FEB19,3250,C,0.172,0.0,4,3928.58
BTC-22FEB19-3250-C,2019-02-20,BTC,22FEB19,3250,C,0.1775,216.52,1,3923.54
BTC-29MAR19-2500-P,2019-02-14,BTC,29MAR19,2500,P,0.006,68.0,1,3546.65
BTC-29MAR19-2500-P,2019-02-15,BTC,29MAR19,2500,P,0.005,67.97,2,3581.03
BTC-29MAR19-2500-P,2019-02-16,BTC,29MAR19,2500,P,0.0045,68.0,1,3592.02
BTC-29MAR19-2500-P,2019-02-18,BTC,29MAR19,2500,P,0.003,75.57,18,3866.53
BTC-29MAR19-2500-P,2019-02-19,BTC,29MAR19,2500,P,0.001,66.69,59,3942.98
BTC-29MAR19-2500-P,2019-02-20,BTC,29MAR19,2500,P,0.0005,61.44,3,3925.0
BTC-29MAR19-2500-P,2019-02-21,BTC,29MAR19,2500,P,0.0025,77.73,5,3900.23
BTC-29MAR19-2500-P,2019-02-22,BTC,29MAR19,2500,P,0.0015,74.31,4,3943.85
BTC-29MAR19-2500-P,2019-02-23,BTC,29MAR19,2500,P,0.0015,81.13,6,4107.64
BTC-29MAR19-2500-P,2019-02-24,BTC,29MAR19,2500,P,0.001,64.38,2,3785.95
BTC-29MAR19-2500-P,2019-02-25,BTC,29MAR19,2500,P,0.002,75.55,9,3820.75
BTC-29MAR19-2500-P,2019-02-26,BTC,29MAR19,2500,P,0.0015,71.86,14,3787.12
BTC-29MAR19-2500-P,2019-02-27,BTC,29MAR19,2500,P,0.001,69.31,19,3798.2
BTC-29MAR19-2500-P,2019-02-28,BTC,29MAR19,2500,P,0.001,70.92,19,3819.07
BTC-28JUN19-6000-P,2019-02-15,BTC,28JUN19,6000,P,0.7065,44.59,1,3561.42
BTC-28JUN19-6000-P,2019-02-16,BTC,28JUN19,6000,P,0.6865,44.95,10,3591.28
BTC-28JUN19-6000-P,2019-02-18,BTC,28JUN19,6000,P,0.575,62.0,2,3886.14
BTC-28JUN19-6000-P,2019-02-19,BTC,28JUN19,6000,P,0.56,65.62,1,3928.44
BTC-28JUN19-6000-P,2019-02-21,BTC,28JUN19,6000,P,0.555,61.92,1,3923.32
BTC-28JUN19-6000-P,2019-02-24,BTC,28JUN19,6000,P,0.598,57.05,1,3818.63
BTC-29MAR19-3500-C,2019-02-14,BTC,29MAR19,3500,C,0.085,56.37,2,3578.06
BTC-29MAR19-3500-C,2019-02-15,BTC,29MAR19,3500,C,0.08,54.84,5,3563.17
BTC-29MAR19-3500-C,2019-02-16,BTC,29MAR19,3500,C,0.086,57.33,9,3583.82
BTC-29MAR19-3500-C,2019-02-17,BTC,29MAR19,3500,C,0.08199999999999999,55.6,13,3572.31
BTC-29MAR19-3500-C,2019-02-18,BTC,29MAR19,3500,C,0.133,60.88,19,3875.95
BTC-29MAR19-3500-C,2019-02-19,BTC,29MAR19,3500,C,0.13699999999999998,61.41,1,3880.2
BTC-29MAR19-3500-C,2019-02-20,BTC,29MAR19,3500,C,0.14300000000000002,62.56,9,3929.27
BTC-29MAR19-3500-C,2019-02-21,BTC,29MAR19,3500,C,0.133,57.27,6,3893.39
BTC-29MAR19-3500-C,2019-02-22,BTC,29MAR19,3500,C,0.136,55.92,2,3924.5
BTC-29MAR19-3500-C,2019-02-23,BTC,29MAR19,3500,C,0.138,59.75,1,3927.22
BTC-29MAR19-3500-C,2019-02-24,BTC,29MAR19,3500,C,0.106,63.03,10,3739.42
BTC-29MAR19-3500-C,2019-02-25,BTC,29MAR19,3500,C,0.1105,62.54,1,3772.79
BTC-29MAR19-3500-C,2019-02-26,BTC,29MAR19,3500,C,0.1065,57.42,17,3794.61
BTC-29MAR19-3500-C,2019-02-27,BTC,29MAR19,3500,C,0.096,57.83,13,3723.33
BTC-29MAR19-3250-C,2019-02-17,BTC,29MAR19,3250,C,0.1215,54.42,1,3572.56
BTC-29MAR19-3250-C,2019-02-18,BTC,29MAR19,3250,C,0.17600000000000002,55.77,6,3874.35
BTC-29MAR19-3250-C,2019-02-20,BTC,29MAR19,3250,C,0.192,65.12,3,3925.73
BTC-29MAR19-3250-C,2019-02-21,BTC,29MAR19,3250,C,0.18,54.45,2,3893.0
BTC-29MAR19-3250-C,2019-02-24,BTC,29MAR19,3250,C,0.2315,77.56,2,4132.26
BTC-29MAR19-6000-C,2019-02-14,BTC,29MAR19,6000,C,0.001,65.72,4,3569.23
BTC-29MAR19-6000-C,2019-02-15,BTC,29MAR19,6000,C,0.001,66.17,3,3586.53
BTC-29MAR19-6000-C,2019-02-16,BTC,29MAR19,6000,C,0.0015,70.94,8,3583.48
BTC-29MAR19-6000-C,2019-02-17,BTC,29MAR19,6000,C,0.0015,71.75,5,3574.5
BTC-29MAR19-6000-C,2019-02-18,BTC,29MAR19,6000,C,0.002,66.49,14,3857.31
BTC-29MAR19-6000-C,2019-02-19,BTC,29MAR19,6000,C,0.002,65.21,16,3915.82
BTC-29MAR19-6000-C,2019-02-20,BTC,29MAR19,6000,C,0.003,70.06,3,3932.47
BTC-29MAR19-6000-C,2019-02-21,BTC,29MAR19,6000,C,0.0025,69.73,6,3898.92
BTC-29MAR19-6000-C,2019-02-22,BTC,29MAR19,6000,C,0.002,66.73,11,3943.18
BTC-29MAR19-6000-C,2019-02-23,BTC,29MAR19,6000,C,0.004,69.45,13,4144.81
BTC-29MAR19-6000-C,2019-02-24,BTC,29MAR19,6000,C,0.001,70.34,16,3733.61
BTC-29MAR19-6000-C,2019-02-25,BTC,29MAR19,6000,C,0.0015,71.37,3,3849.26
BTC-29MAR19-6000-C,2019-02-26,BTC,29MAR19,6000,C,0.001,70.31,8,3796.54
BTC-29MAR19-6000-C,2019-02-27,BTC,29MAR19,6000,C,0.0005,67.78,18,3722.89
BTC-29MAR19-6000-C,2019-02-28,BTC,29MAR19,6000,C,0.001,70.54,1,3848.44
BTC-28JUN19-9000-P,2019-02-15,BTC,28JUN19,9000,P,1.536,0.0,1,3561.42
BTC-26APR19-3000-P,2019-02-16,BTC,26APR19,3000,P,0.034,59.16,5,3588.72
BTC-26APR19-3000-P,2019-02-17,BTC,26APR19,3000,P,0.033,61.53,2,3637.27
BTC-26APR19-3000-P,2019-02-18,BTC,26APR19,3000,P,0.02,60.71,9,3856.83
BTC-26APR19-3000-P,2019-02-19,BTC,26APR19,3000,P,0.0215,63.92,1,3871.18
BTC-26APR19-3000-P,2019-02-20,BTC,26APR19,3000,P,0.011,53.63,6,3924.21
BTC-26APR19-3000-P,2019-02-22,BTC,26APR19,3000,P,0.017,63.01,1,3935.25
BTC-26APR19-3000-P,2019-02-23,BTC,26APR19,3000,P,0.0125,64.06,2,4103.7
BTC-26APR19-3000-P,2019-02-24,BTC,26APR19,3000,P,0.024,62.28,7,3796.19
BTC-26APR19-3000-P,2019-02-25,BTC,26APR19,3000,P,0.0255,64.21,2,3762.14
BTC-26APR19-3000-P,2019-02-26,BTC,26APR19,3000,P,0.022,63.47,3,3806.19
BTC-26APR19-3000-P,2019-02-27,BTC,26APR19,3000,P,0.024,62.66,5,3728.14
BTC-26APR19-3000-P,2019-02-28,BTC,26APR19,3000,P,0.0195,62.69,1,3820.53
BTC-27SEP19-12000-P,2019-02-18,BTC,27SEP19,12000,P,2.1835,76.17,1,3808.46
BTC-27SEP19-12000-P,2019-02-21,BTC,27SEP19,12000,P,2.0275,0.0,1,3927.51
BTC-27SEP19-12000-P,2019-02-24,BTC,27SEP19,12000,P,1.9095,75.77,1,4138.17
BTC-26APR19-2250-C,2019-02-21,BTC,26APR19,2250,C,0.4305,82.95,2,3893.23
BTC-26APR19-2250-C,2019-02-22,BTC,26APR19,2250,C,0.429,49.66,2,3920.96
BTC-29MAR19-20000-P,2019-02-20,BTC,29MAR19,20000,P,4.091,0.0,1,3920.88
BTC-29MAR19-20000-P,2019-02-23,BTC,29MAR19,20000,P,4.075,0.0,1,3928.42
BTC-8MAR19-3375-P,2019-02-28,BTC,8MAR19,3375,P,0.0025,57.06,20,3805.24
BTC-28JUN19-8000-P,2019-02-15,BTC,28JUN19,8000,P,1.2565,0.0,1,3561.42
BTC-28JUN19-8000-P,2019-02-23,BTC,28JUN19,8000,P,0.9420000000000001,55.98,3,4135.1
BTC-28JUN19-8000-P,2019-02-24,BTC,28JUN19,8000,P,0.958,75.91,1,4123.8
BTC-22FEB19-2250-C,2019-02-18,BTC,22FEB19,2250,C,0.3875,0.0,1,3689.81
BTC-28JUN19-3500-P,2019-02-14,BTC,28JUN19,3500,P,0.1335,56.65,20,3561.23
BTC-28JUN19-3500-P,2019-02-15,BTC,28JUN19,3500,P,0.13,56.51,3,3574.69
BTC-28JUN19-3500-P,2019-02-16,BTC,28JUN19,3500,P,0.128,58.03,9,3591.27
BTC-28JUN19-3500-P,2019-02-17,BTC,28JUN19,3500,P,0.128,56.74,2,3573.27
BTC-28JUN19-3500-P,2019-02-18,BTC,28JUN19,3500,P,0.0915,59.29,9,3866.25
BTC-28JUN19-3500-P,2019-02-19,BTC,28JUN19,3500,P,0.084,59.37,2,3937.86
BTC-28JUN19-3500-P,2019-02-20,BTC,28JUN19,3500,P,0.075,54.7,8,3924.21
BTC-28JUN19-3500-P,2019-02-22,BTC,28JUN19,3500,P,0.08199999999999999,59.11,6,3922.11
BTC-28JUN19-3500-P,2019-02-24,BTC,28JUN19,3500,P,0.1055,59.25,9,3762.87
BTC-28JUN19-3500-P,2019-02-25,BTC,28JUN19,3500,P,0.102,60.0,6,3787.54
BTC-28JUN19-3500-P,2019-02-27,BTC,28JUN19,3500,P,0.099,60.1,1,3806.91
BTC-28JUN19-3500-P,2019-02-28,BTC,28JUN19,3500,P,0.0965,58.67,4,3790.82
BTC-28JUN19-14000-C,2019-02-16,BTC,28JUN19,14000,C,0.001,83.96,1,3598.06
BTC-28JUN19-14000-C,2019-02-18,BTC,28JUN19,14000,C,0.0005,76.26,1,3804.0
BTC-28JUN19-14000-C,2019-02-24,BTC,28JUN19,14000,C,0.0005,79.48,3,3729.38
BTC-28JUN19-14000-C,2019-02-26,BTC,28JUN19,14000,C,0.0005,78.93,2,3809.81
BTC-28JUN19-14000-C,2019-02-27,BTC,28JUN19,14000,C,0.0005,79.26,1,3801.3
BTC-28JUN19-14000-C,2019-02-28,BTC,28JUN19,14000,C,0.0005,79.14,2,3825.69
BTC-1MAR19-3500-P,2019-02-21,BTC,1MAR19,3500,P,0.0035,55.97,1,3888.96
BTC-1MAR19-3500-P,2019-02-22,BTC,1MAR19,3500,P,0.003,63.01,13,3930.99
BTC-1MAR19-3500-P,2019-02-23,BTC,1MAR19,3500,P,0.0005,64.41,4,4123.7
BTC-1MAR19-3500-P,2019-02-24,BTC,1MAR19,3500,P,0.006999999999999999,67.38,14,3745.41
BTC-1MAR19-3500-P,2019-02-25,BTC,1MAR19,3500,P,0.003,69.47,7,3817.85
BTC-1MAR19-3500-P,2019-02-26,BTC,1MAR19,3500,P,0.001,61.66,16,3796.14
BTC-1MAR19-3500-P,2019-02-27,BTC,1MAR19,3500,P,0.0005,60.74,16,3747.9
BTC-1MAR19-3500-P,2019-02-28,BTC,1MAR19,3500,P,0.0005,99.88,3,3816.28
BTC-29MAR19-7500-C,2019-02-17,BTC,29MAR19,7500,C,0.001,91.83,1,3574.5
BTC-29MAR19-7500-C,2019-02-18,BTC,29MAR19,7500,C,0.0005,82.99,1,3673.36
BTC-29MAR19-7500-C,2019-02-19,BTC,29MAR19,7500,C,0.0005,78.79,2,3878.6
BTC-29MAR19-7500-C,2019-02-20,BTC,29MAR19,7500,C,0.0005,77.5,3,3951.86
BTC-29MAR19-7500-C,2019-02-21,BTC,29MAR19,7500,C,0.001,86.5,1,3893.23
BTC-29MAR19-5000-P,2019-02-18,BTC,29MAR19,5000,P,0.295,58.22,1,3891.94
BTC-29MAR19-5000-P,2019-02-22,BTC,29MAR19,5000,P,0.294,66.86,4,3891.66
BTC-29MAR19-5000-P,2019-02-24,BTC,29MAR19,5000,P,0.35,0.0,5,3727.16
BTC-29MAR19-5000-P,2019-02-26,BTC,29MAR19,5000,P,0.33399999999999996,69.14,10,3788.43
BTC-29MAR19-5000-P,2019-02-28,BTC,29MAR19,5000,P,0.326,55.13,2,3790.82
BTC-22FEB19-3750-P,2019-02-14,BTC,22FEB19,3750,P,0.0605,47.56,6,3568.73
BTC-22FEB19-3750-P,2019-02-15,BTC,22FEB19,3750,P,0.06,44.95,5,3560.42
BTC-22FEB19-3750-P,2019-02-16,BTC,22FEB19,3750,P,0.055999999999999994,50.9,11,3582.32
BTC-22FEB19-3750-P,2019-02-17,BTC,22FEB19,3750,P,0.0425,52.3,8,3640.21
BTC-22FEB19-3750-P,2019-02-18,BTC,22FEB19,3750,P,0.012,62.01,66,3857.85
BTC-22FEB19-3750-P,2019-02-19,BTC,22FEB19,3750,P,0.0065,60.31,75,3887.68
BTC-22FEB19-3750-P,2019-02-20,BTC,22FEB19,3750,P,0.001,51.2,60,3924.97
BTC-22FEB19-3750-P,2019-02-21,BTC,22FEB19,3750,P,0.0005,57.9,34,3883.97
BTC-1MAR19-3750-C,2019-02-21,BTC,1MAR19,3750,C,0.0515,52.2,7,3892.58
BTC-1MAR19-3750-C,2019-02-22,BTC,1MAR19,3750,C,0.0585,50.71,7,3945.5
BTC-1MAR19-3750-C,2019-02-23,BTC,1MAR19,3750,C,0.0905,58.35,2,4108.2
BTC-1MAR19-3750-C,2019-02-24,BTC,1MAR19,3750,C,0.0295,73.17,34,3731.68
BTC-1MAR19-3750-C,2019-02-25,BTC,1MAR19,3750,C,0.032,61.08,17,3809.26
BTC-1MAR19-3750-C,2019-02-26,BTC,1MAR19,3750,C,0.0245,59.22,11,3787.68
BTC-1MAR19-3750-C,2019-02-27,BTC,1MAR19,3750,C,0.0205,51.31,40,3802.79
BTC-1MAR19-3750-C,2019-02-28,BTC,1MAR19,3750,C,0.0215,80.89,10,3807.12
BTC-1MAR19-3500-C,2019-02-21,BTC,1MAR19,3500,C,0.10400000000000001,54.43,7,3892.86
BTC-1MAR19-3500-C,2019-02-22,BTC,1MAR19,3500,C,0.1095,68.23,1,3905.01
BTC-1MAR19-3500-C,2019-02-24,BTC,1MAR19,3500,C,0.0795,62.96,4,3782.29
BTC-1MAR19-3500-C,2019-02-28,BTC,1MAR19,3500,C,0.0715,93.89,1,3767.3
BTC-22FEB19-3375-P,2019-02-14,BTC,22FEB19,3375,P,0.0085,49.26,44,3564.38
BTC-22FEB19-3375-P,2019-02-15,BTC,22FEB19,3375,P,0.008,51.02,23,3563.6
BTC-22FEB19-3375-P,2019-02-16,BTC,22FEB19,3375,P,0.0055,52.14,9,3592.73
BTC-22FEB19-3375-P,2019-02-17,BTC,22FEB19,3375,P,0.0045,56.27,10,3600.91
BTC-22FEB19-3375-P,2019-02-18,BTC,22FEB19,3375,P,0.0015,83.71,19,3883.9
BTC-22FEB19-3375-P,2019-02-19,BTC,22FEB19,3375,P,0.001,85.07,40,3867.58
BTC-22FEB19-3375-P,2019-02-20,BTC,22FEB19,3375,P,0.0005,103.5,3,3928.38
BTC-22FEB19-3125-C,2019-02-15,BTC,22FEB19,3125,C,0.126,69.3,3,3562.12
BTC-22FEB19-3125-C,2019-02-17,BTC,22FEB19,3125,C,0.1355,89.65,1,3601.92
BTC-22FEB19-3125-C,2019-02-18,BTC,22FEB19,3125,C,0.1595,121.81,5,3697.06
BTC-29MAR19-5250-C,2019-02-19,BTC,29MAR19,5250,C,0.009000000000000001,65.58,2,3893.36
BTC-29MAR19-5250-C,2019-02-21,BTC,29MAR19,5250,C,0.0055,59.75,10,3909.01
BTC-29MAR19-5250-C,2019-02-22,BTC,29MAR19,5250,C,0.006,59.97,4,3942.71
BTC-29MAR19-5250-C,2019-02-23,BTC,29MAR19,5250,C,0.009000000000000001,59.77,12,4139.93
BTC-29MAR19-5250-C,2019-02-24,BTC,29MAR19,5250,C,0.0045,67.1,2,3776.69
BTC-29MAR19-5250-C,2019-02-25,BTC,29MAR19,5250,C,0.004,65.83,6,3770.5
BTC-29MAR19-5250-C,2019-02-26,BTC,29MAR19,5250,C,0.003,62.39,7,3809.51
BTC-29MAR19-5250-C,2019-02-27,BTC,29MAR19,5250,C,0.003,66.58,29,3729.67
BTC-29MAR19-5250-C,2019-02-28,BTC,29MAR19,5250,C,0.0025,59.34,1,3876.21
BTC-28JUN19-2000-P,2019-02-14,BTC,28JUN19,2000,P,0.011000000000000001,67.13,1,3574.96
BTC-28JUN19-2000-P,2019-02-18,BTC,28JUN19,2000,P,0.006999999999999999,69.4,21,3863.85
BTC-28JUN19-2000-P,2019-02-20,BTC,28JUN19,2000,P,0.008,72.47,1,3882.69
BTC-28JUN19-2000-P,2019-02-21,BTC,28JUN19,2000,P,0.0075,72.46,1,3897.23
BTC-28JUN19-2000-P,2019-02-23,BTC,28JUN19,2000,P,0.006999999999999999,72.29,2,3931.45
BTC-28JUN19-2000-P,2019-02-24,BTC,28JUN19,2000,P,0.01,74.12,2,3796.78
BTC-28JUN19-2000-P,2019-02-25,BTC,28JUN19,2000,P,0.0075,69.13,1,3767.79
BTC-22FEB19-3000-C,2019-02-15,BTC,22FEB19,3000,C,0.1655,88.9,1,3578.51
BTC-22FEB19-3000-C,2019-02-17,BTC,22FEB19,3000,C,0.156,0.0,1,3572.52
BTC-22FEB19-3000-C,2019-02-18,BTC,22FEB19,3000,C,0.193,148.74,2,3691.6
BTC-22FEB19-3500-P,2019-02-14,BTC,22FEB19,3500,P,0.02,50.17,26,3564.67
BTC-22FEB19-3500-P,2019-02-15,BTC,22FEB19,3500,P,0.018000000000000002,49.58,41,3563.68
BTC-22FEB19-3500-P,2019-02-16,BTC,22FEB19,3500,P,0.0135,47.79,14,3578.95
BTC-22FEB19-3500-P,2019-02-17,BTC,22FEB19,3500,P,0.0075,50.12,21,3638.97
BTC-22FEB19-3500-P,2019-02-18,BTC,22FEB19,3500,P,0.0035,80.92,58,3866.08
BTC-22FEB19-3500-P,2019-02-19,BTC,22FEB19,3500,P,0.0005,69.99,44,3910.52
BTC-22FEB19-3500-P,2019-02-20,BTC,22FEB19,3500,P,0.001,92.51,4,3929.45
BTC-26APR19-4500-P,2019-02-18,BTC,26APR19,4500,P,0.2445,54.02,1,3703.39
BTC-26APR19-4500-P,2019-02-19,BTC,26APR19,4500,P,0.188,56.65,1,3937.06
BTC-26APR19-4500-P,2019-02-20,BTC,26APR19,4500,P,0.1675,41.14,2,3924.0
BTC-26APR19-4500-P,2019-02-24,BTC,26APR19,4500,P,0.244,66.75,1,3769.75
BTC-28JUN19-6000-C,2019-02-14,BTC,28JUN19,6000,C,0.014,59.35,2,3560.01
BTC-28JUN19-6000-C,2019-02-15,BTC,28JUN19,6000,C,0.0125,57.81,2,3567.89
BTC-28JUN19-6000-C,2019-02-17,BTC,28JUN19,6000,C,0.013,57.93,1,3585.43
BTC-28JUN19-6000-C,2019-02-18,BTC,28JUN19,6000,C,0.022,59.13,7,3867.98
BTC-28JUN19-6000-C,2019-02-19,BTC,28JUN19,6000,C,0.026,60.0,4,3956.26
BTC-28JUN19-6000-C,2019-02-20,BTC,28JUN19,6000,C,0.021,57.47,4,3924.21
BTC-28JUN19-6000-C,2019-02-21,BTC,28JUN19,6000,C,0.02,57.56,18,3891.12
BTC-28JUN19-6000-C,2019-02-22,BTC,28JUN19,6000,C,0.024,59.49,20,3937.65
BTC-28JUN19-6000-C,2019-02-23,BTC,28JUN19,6000,C,0.0285,59.26,4,4119.6
BTC-28JUN19-6000-C,2019-02-24,BTC,28JUN19,6000,C,0.021,62.85,9,3782.43
BTC-28JUN19-6000-C,2019-02-25,BTC,28JUN19,6000,C,0.02,61.45,6,3807.6
BTC-28JUN19-6000-C,2019-02-26,BTC,28JUN19,6000,C,0.0195,61.5,3,3795.51
BTC-28JUN19-6000-C,2019-02-27,BTC,28JUN19,6000,C,0.0185,60.58,2,3802.95
BTC-28JUN19-6000-C,2019-02-28,BTC,28JUN19,6000,C,0.019,60.98,4,3806.85
BTC-1MAR19-4125-P,2019-02-23,BTC,1MAR19,4125,P,0.027000000000000003,56.8,14,4130.81
BTC-1MAR19-4125-P,2019-02-24,BTC,1MAR19,4125,P,0.098,76.68,23,3783.29
BTC-1MAR19-4125-P,2019-02-25,BTC,1MAR19,4125,P,0.098,74.97,1,3776.02
BTC-1MAR19-4125-P,2019-02-26,BTC,1MAR19,4125,P,0.0825,72.55,1,3827.66
BTC-1MAR19-4125-P,2019-02-28,BTC,1MAR19,4125,P,0.0945,0.0,6,3767.3
BTC-22FEB19-4000-P,2019-02-14,BTC,22FEB19,4000,P,0.128,64.5,1,3562.42
BTC-22FEB19-4000-P,2019-02-15,BTC,22FEB19,4000,P,0.127,73.71,8,3569.56
BTC-22FEB19-4000-P,2019-02-17,BTC,22FEB19,4000,P,0.102,56.28,6,3635.21
BTC-22FEB19-4000-P,2019-02-18,BTC,22FEB19,4000,P,0.0495,64.65,34,3849.73
BTC-22FEB19-4000-P,2019-02-19,BTC,22FEB19,4000,P,0.03,64.06,24,3937.39
BTC-22FEB19-4000-P,2019-02-20,BTC,22FEB19,4000,P,0.011,0.0,15,3924.0
BTC-22FEB19-4000-P,2019-02-21,BTC,22FEB19,4000,P,0.0315,81.02,12,3895.99
BTC-26APR19-4500-C,2019-02-16,BTC,26APR19,4500,C,0.0265,56.61,5,3596.82
BTC-26APR19-4500-C,2019-02-17,BTC,26APR19,4500,C,0.0235,55.56,2,3573.18
BTC-26APR19-4500-C,2019-02-18,BTC,26APR19,4500,C,0.0395,55.26,5,3861.8
BTC-26APR19-4500-C,2019-02-19,BTC,26APR19,4500,C,0.044,56.87,2,3892.38
BTC-26APR19-4500-C,2019-02-20,BTC,26APR19,4500,C,0.0505,59.66,3,3932.22
BTC-26APR19-4500-C,2019-02-21,BTC,26APR19,4500,C,0.0405,54.69,12,3899.74
BTC-26APR19-4500-C,2019-02-22,BTC,26APR19,4500,C,0.0435,55.52,11,3938.61
BTC-26APR19-4500-C,2019-02-23,BTC,26APR19,4500,C,0.0605,58.45,9,4115.93
BTC-26APR19-4500-C,2019-02-24,BTC,26APR19,4500,C,0.038,61.58,4,3790.2
BTC-26APR19-4500-C,2019-02-25,BTC,26APR19,4500,C,0.0385,61.86,4,3787.71
BTC-26APR19-4500-C,2019-02-27,BTC,26APR19,4500,C,0.0305,56.27,3,3797.86
BTC-26APR19-4500-C,2019-02-28,BTC,26APR19,4500,C,0.034,58.12,1,3823.36
BTC-29MAR19-4250-P,2019-02-19,BTC,29MAR19,4250,P,0.1235,56.5,1,3916.51
BTC-29MAR19-4250-P,2019-02-20,BTC,29MAR19,4250,P,0.101,38.54,3,3924.0
BTC-29MAR19-4250-P,2019-02-21,BTC,29MAR19,4250,P,0.1225,54.49,1,3893.88
BTC-29MAR19-4250-P,2019-02-23,BTC,29MAR19,4250,P,0.12,58.16,1,3932.84
BTC-29MAR19-4250-P,2019-02-24,BTC,29MAR19,4250,P,0.1885,72.43,5,3750.09
BTC-29MAR19-4250-P,2019-02-26,BTC,29MAR19,4250,P,0.152,58.17,1,3792.73
BTC-29MAR19-4250-P,2019-02-27,BTC,29MAR19,4250,P,0.145,58.56,2,3819.04
BTC-29MAR19-4250-P,2019-02-28,BTC,29MAR19,4250,P,0.138,57.26,3,3836.16
BTC-28JUN19-4000-P,2019-02-14,BTC,28JUN19,4000,P,0.2245,56.19,1,3556.25
BTC-28JUN19-4000-P,2019-02-15,BTC,28JUN19,4000,P,0.2155,55.06,2,3577.48
BTC-28JUN19-4000-P,2019-02-16,BTC,28JUN19,4000,P,0.2095,55.6,3,3594.44
BTC-28JUN19-4000-P,2019-02-18,BTC,28JUN19,4000,P,0.156,56.83,4,3862.02
BTC-28JUN19-4000-P,2019-02-20,BTC,28JUN19,4000,P,0.14300000000000002,56.25,7,3925.36
BTC-28JUN19-4000-P,2019-02-21,BTC,28JUN19,4000,P,0.152,58.3,2,3888.02
BTC-28JUN19-4000-P,2019-02-22,BTC,28JUN19,4000,P,0.1455,58.96,4,3942.08
BTC-28JUN19-4000-P,2019-02-23,BTC,28JUN19,4000,P,0.1215,58.81,3,4115.94
BTC-28JUN19-4000-P,2019-02-24,BTC,28JUN19,4000,P,0.2005,62.64,2,3761.0
BTC-28JUN19-4000-P,2019-02-26,BTC,28JUN19,4000,P,0.1705,58.01,9,3795.86
BTC-28JUN19-4000-P,2019-02-28,BTC,28JUN19,4000,P,0.16,58.01,1,3848.69
BTC-26APR19-3750-P,2019-02-17,BTC,26APR19,3750,P,0.123,55.1,1,3581.56
BTC-26APR19-3750-P,2019-02-18,BTC,26APR19,3750,P,0.0805,56.05,1,3856.93
BTC-26APR19-3750-P,2019-02-19,BTC,26APR19,3750,P,0.077,57.86,1,3904.3
BTC-26APR19-3750-P,2019-02-20,BTC,26APR19,3750,P,0.068,54.61,6,3924.21
BTC-26APR19-3750-P,2019-02-21,BTC,26APR19,3750,P,0.0715,55.89,2,3895.49
BTC-26APR19-3750-P,2019-02-22,BTC,26APR19,3750,P,0.067,56.14,4,3936.16
BTC-26APR19-3750-P,2019-02-23,BTC,26APR19,3750,P,0.056,58.99,4,4091.2
BTC-26APR19-3750-P,2019-02-24,BTC,26APR19,3750,P,0.10099999999999999,59.75,18,3737.93
BTC-26APR19-3750-P,2019-02-25,BTC,26APR19,3750,P,0.0955,60.24,3,3778.92
BTC-26APR19-3750-P,2019-02-26,BTC,26APR19,3750,P,0.08900000000000001,58.12,2,3796.82
BTC-26APR19-3750-P,2019-02-27,BTC,26APR19,3750,P,0.106,58.53,1,3666.2
BTC-26APR19-3750-P,2019-02-28,BTC,26APR19,3750,P,0.086,60.06,2,3822.47
BTC-29MAR19-4500-P,2019-02-19,BTC,29MAR19,4500,P,0.1925,64.42,1,3863.59
BTC-29MAR19-4500-P,2019-02-20,BTC,29MAR19,4500,P,0.172,60.24,7,3925.73
BTC-29MAR19-4500-P,2019-02-21,BTC,29MAR19,4500,P,0.1625,56.74,1,3955.39
BTC-29MAR19-4500-P,2019-02-23,BTC,29MAR19,4500,P,0.1255,56.61,7,4116.16
BTC-29MAR19-4500-P,2019-02-24,BTC,29MAR19,4500,P,0.2305,56.47,5,3751.79
BTC-29MAR19-4500-P,2019-02-27,BTC,29MAR19,4500,P,0.2025,63.04,5,3819.04
BTC-1MAR19-3625-P,2019-02-21,BTC,1MAR19,3625,P,0.009000000000000001,58.35,6,3891.56
BTC-1MAR19-3625-P,2019-02-22,BTC,1MAR19,3625,P,0.0045,52.9,6,3932.35
BTC-1MAR19-3625-P,2019-02-23,BTC,1MAR19,3625,P,0.001,59.23,2,4127.24
BTC-1MAR19-3625-P,2019-02-24,BTC,1MAR19,3625,P,0.014,66.73,35,3761.65
BTC-1MAR19-3625-P,2019-02-25,BTC,1MAR19,3625,P,0.008,68.27,19,3817.7
BTC-1MAR19-3625-P,2019-02-26,BTC,1MAR19,3625,P,0.0055,63.68,6,3789.7
BTC-1MAR19-3625-P,2019-02-27,BTC,1MAR19,3625,P,0.001,53.07,27,3799.07
BTC-1MAR19-3625-P,2019-02-28,BTC,1MAR19,3625,P,0.001,81.19,21,3799.02
BTC-29MAR19-2000-C,2019-02-24,BTC,29MAR19,2000,C,0.515,103.89,1,4111.34
BTC-22FEB19-2500-P,2019-02-14,BTC,22FEB19,2500,P,0.0005,104.39,1,3581.84
BTC-22FEB19-2500-P,2019-02-15,BTC,22FEB19,2500,P,0.0005,114.82,1,3560.01
BTC-22FEB19-2500-P,2019-02-20,BTC,22FEB19,2500,P,0.0005,316.16,2,3925.43
BTC-22FEB19-2500-P,2019-02-21,BTC,22FEB19,2500,P,0.0005,369.63,4,3931.58
BTC-26APR19-3500-C,2019-02-16,BTC,26APR19,3500,C,0.109,56.7,2,3592.72
BTC-26APR19-3500-C,2019-02-18,BTC,26APR19,3500,C,0.1175,53.57,4,3696.57
BTC-26APR19-3500-C,2019-02-20,BTC,26APR19,3500,C,0.155,56.68,1,3924.21
BTC-26APR19-3500-C,2019-02-21,BTC,26APR19,3500,C,0.153,57.48,7,3900.05
BTC-26APR19-3500-C,2019-02-24,BTC,26APR19,3500,C,0.1335,59.87,4,3828.16
BTC-26APR19-3500-C,2019-02-25,BTC,26APR19,3500,C,0.142,62.54,2,3828.58
BTC-26APR19-3500-C,2019-02-27,BTC,26APR19,3500,C,0.121,56.49,5,3745.65
BTC-1MAR19-4625-C,2019-02-23,BTC,1MAR19,4625,C,0.0025,65.41,5,4109.52
BTC-28JUN19-3000-P,2019-02-14,BTC,28JUN19,3000,P,0.0675,58.35,17,3574.91
BTC-28JUN19-3000-P,2019-02-15,BTC,28JUN19,3000,P,0.069,59.2,2,3569.76
BTC-28JUN19-3000-P,2019-02-16,BTC,28JUN19,3000,P,0.0665,59.8,6,3591.68
BTC-28JUN19-3000-P,2019-02-17,BTC,28JUN19,3000,P,0.065,58.18,3,3573.26
BTC-28JUN19-3000-P,2019-02-18,BTC,28JUN19,3000,P,0.0455,60.81,21,3861.01
BTC-28JUN19-3000-P,2019-02-19,BTC,28JUN19,3000,P,0.045,62.42,12,3906.81
BTC-28JUN19-3000-P,2019-02-20,BTC,28JUN19,3000,P,0.037000000000000005,58.1,8,3924.21
BTC-28JUN19-3000-P,2019-02-21,BTC,28JUN19,3000,P,0.0435,61.51,9,3885.98
BTC-28JUN19-3000-P,2019-02-22,BTC,28JUN19,3000,P,0.0415,62.28,8,3940.54
BTC-28JUN19-3000-P,2019-02-23,BTC,28JUN19,3000,P,0.04,61.12,2,3937.89
BTC-28JUN19-3000-P,2019-02-24,BTC,28JUN19,3000,P,0.0535,61.26,6,3759.59
BTC-28JUN19-3000-P,2019-02-25,BTC,28JUN19,3000,P,0.0505,61.34,2,3786.04
BTC-28JUN19-3000-P,2019-02-26,BTC,28JUN19,3000,P,0.0495,61.39,11,3794.61
BTC-28JUN19-3000-P,2019-02-27,BTC,28JUN19,3000,P,0.0535,62.02,2,3737.7
BTC-28JUN19-3000-P,2019-02-28,BTC,28JUN19,3000,P,0.0505,62.85,1,3798.39
BTC-26APR19-3000-C,2019-02-18,BTC,26APR19,3000,C,0.2185,62.41,1,3703.11
BTC-26APR19-3000-C,2019-02-19,BTC,26APR19,3000,C,0.2505,60.83,1,3891.74
BTC-22FEB19-4125-C,2019-02-18,BTC,22FEB19,4125,C,0.0055,68.79,50,3857.67
BTC-22FEB19-4125-C,2019-02-19,BTC,22FEB19,4125,C,0.0065,69.62,36,3931.62
BTC-22FEB19-4125-C,2019-02-20,BTC,22FEB19,4125,C,0.0015,60.01,14,3919.64
BTC-22FEB19-4125-C,2019-02-21,BTC,22FEB19,4125,C,0.0005,80.52,15,3886.07
BTC-29MAR19-2250-P,2019-02-15,BTC,29MAR19,2250,P,0.0015,67.7,7,3579.59
BTC-29MAR19-2250-P,2019-02-18,BTC,29MAR19,2250,P,0.001,77.0,1,3875.56
BTC-29MAR19-2250-P,2019-02-19,BTC,29MAR19,2250,P,0.0005,71.06,4,3877.05
BTC-29MAR19-2250-P,2019-02-20,BTC,29MAR19,2250,P,0.0015,84.01,2,3881.81
BTC-29MAR19-2250-P,2019-02-22,BTC,29MAR19,2250,P,0.0005,76.67,3,3938.64
BTC-29MAR19-2250-P,2019-02-24,BTC,29MAR19,2250,P,0.0005,84.35,1,4115.99
BTC-29MAR19-2250-P,2019-02-26,BTC,29MAR19,2250,P,0.001,83.26,4,3797.12
BTC-29MAR19-2250-P,2019-02-27,BTC,29MAR19,2250,P,0.0005,76.88,1,3811.02
BTC-29MAR19-7000-P,2019-02-17,BTC,29MAR19,7000,P,0.939,75.87,2,3620.19
BTC-29MAR19-7000-P,2019-02-18,BTC,29MAR19,7000,P,0.816,0.0,4,3851.86
BTC-29MAR19-7000-P,2019-02-24,BTC,29MAR19,7000,P,0.6835,0.0,1,4149.82
BTC-27SEP19-3000-P,2019-02-16,BTC,27SEP19,3000,P,0.11,61.64,1,3573.01
BTC-27SEP19-3000-P,2019-02-17,BTC,27SEP19,3000,P,0.1075,61.4,4,3572.06
BTC-27SEP19-3000-P,2019-02-18,BTC,27SEP19,3000,P,0.08800000000000001,61.34,3,3773.67
BTC-27SEP19-3000-P,2019-02-19,BTC,27SEP19,3000,P,0.0775,62.35,6,3889.05
BTC-27SEP19-3000-P,2019-02-20,BTC,27SEP19,3000,P,0.0645,57.51,2,3924.0
BTC-27SEP19-3000-P,2019-02-21,BTC,27SEP19,3000,P,0.076,61.84,7,3884.48
BTC-27SEP19-3000-P,2019-02-22,BTC,27SEP19,3000,P,0.0735,62.52,7,3940.59
BTC-27SEP19-3000-P,2019-02-23,BTC,27SEP19,3000,P,0.07400000000000001,62.57,4,3938.01
BTC-27SEP19-3000-P,2019-02-24,BTC,27SEP19,3000,P,0.09300000000000001,63.35,11,3763.45
BTC-27SEP19-3000-P,2019-02-25,BTC,27SEP19,3000,P,0.0845,61.09,3,3780.02
BTC-27SEP19-3000-P,2019-02-26,BTC,27SEP19,3000,P,0.08,60.42,2,3815.38
BTC-27SEP19-3000-P,2019-02-27,BTC,27SEP19,3000,P,0.09,62.34,1,3740.12
BTC-29MAR19-8000-C,2019-02-17,BTC,29MAR19,8000,C,0.001,98.5,2,3574.71
BTC-29MAR19-8000-C,2019-02-21,BTC,29MAR19,8000,C,0.0005,85.63,3,3932.61
BTC-29MAR19-8000-C,2019-02-22,BTC,29MAR19,8000,C,0.0005,87.2,5,3938.33
BTC-29MAR19-8000-C,2019-02-24,BTC,29MAR19,8000,C,0.001,90.32,1,4154.18
BTC-29MAR19-6000-P,2019-02-21,BTC,29MAR19,6000,P,0.5395,83.42,3,3898.55
BTC-29MAR19-6000-P,2019-02-28,BTC,29MAR19,6000,P,0.5615,69.71,2,3857.84
BTC-8MAR19-3875-C,2019-02-28,BTC,8MAR19,3875,C,0.0215,54.02,46,3790.53
BTC-26APR19-4750-P,2019-02-24,BTC,26APR19,4750,P,0.2735,53.01,1,3804.77
BTC-26APR19-3250-C,2019-02-16,BTC,26APR19,3250,C,0.15,59.49,1,3580.74
BTC-26APR19-3250-C,2019-02-17,BTC,26APR19,3250,C,0.149,58.24,1,3592.54
BTC-26APR19-3250-C,2019-02-19,BTC,26APR19,3250,C,0.2005,59.42,1,3897.81
BTC-26APR19-3250-C,2019-02-21,BTC,26APR19,3250,C,0.1965,57.37,5,3896.08
BTC-26APR19-3250-C,2019-02-27,BTC,26APR19,3250,C,0.1795,60.76,1,3818.01
BTC-27SEP19-9000-C,2019-02-14,BTC,27SEP19,9000,C,0.006999999999999999,60.81,4,3574.83
BTC-27SEP19-9000-C,2019-02-15,BTC,27SEP19,9000,C,0.006999999999999999,60.98,3,3568.05
BTC-27SEP19-9000-C,2019-02-16,BTC,27SEP19,9000,C,0.0075,61.14,3,3598.5
BTC-27SEP19-9000-C,2019-02-17,BTC,27SEP19,9000,C,0.0075,61.36,2,3595.77
BTC-27SEP19-9000-C,2019-02-18,BTC,27SEP19,9000,C,0.008,59.24,3,3797.66
BTC-27SEP19-9000-C,2019-02-19,BTC,27SEP19,9000,C,0.012,61.58,1,3943.74
BTC-27SEP19-9000-C,2019-02-20,BTC,27SEP19,9000,C,0.0125,62.99,1,3877.45
BTC-27SEP19-9000-C,2019-02-22,BTC,27SEP19,9000,C,0.012,62.13,4,3927.3
BTC-27SEP19-9000-C,2019-02-23,BTC,27SEP19,9000,C,0.0115,61.85,2,3928.77
BTC-27SEP19-9000-C,2019-02-24,BTC,27SEP19,9000,C,0.0175,64.23,3,4138.01
BTC-27SEP19-9000-C,2019-02-25,BTC,27SEP19,9000,C,0.011000000000000001,64.12,2,3774.54
BTC-27SEP19-9000-C,2019-02-26,BTC,27SEP19,9000,C,0.011000000000000001,63.97,2,3805.25
BTC-27SEP19-9000-C,2019-02-27,BTC,27SEP19,9000,C,0.0105,63.61,2,3798.74
BTC-1MAR19-4500-P,2019-02-24,BTC,1MAR19,4500,P,0.18100000000000002,0.0,1,3805.61
BTC-27SEP19-4500-C,2019-02-15,BTC,27SEP19,4500,C,0.0955,58.32,4,3567.12
BTC-27SEP19-4500-C,2019-02-17,BTC,27SEP19,4500,C,0.0965,57.47,1,3614.7
BTC-27SEP19-4500-C,2019-02-18,BTC,27SEP19,4500,C,0.1155,56.23,1,3860.68
BTC-27SEP19-4500-C,2019-02-19,BTC,27SEP19,4500,C,0.1205,57.74,1,3863.01
BTC-27SEP19-4500-C,2019-02-20,BTC,27SEP19,4500,C,0.131,59.72,2,3924.0
BTC-27SEP19-4500-C,2019-02-22,BTC,27SEP19,4500,C,0.131,59.29,4,3943.87
BTC-27SEP19-4500-C,2019-02-23,BTC,27SEP19,4500,C,0.142,60.38,2,4055.75
BTC-27SEP19-4500-C,2019-02-24,BTC,27SEP19,4500,C,0.1145,60.28,3,3776.94
BTC-27SEP19-4500-C,2019-02-27,BTC,27SEP19,4500,C,0.109,57.63,2,3802.77
BTC-27SEP19-4500-C,2019-02-28,BTC,27SEP19,4500,C,0.111,57.34,1,3840.43
BTC-27SEP19-11000-P,2019-02-18,BTC,27SEP19,11000,P,1.9215,73.3,1,3808.07
BTC-29MAR19-15000-P,2019-02-20,BTC,29MAR19,15000,P,2.826,0.0,5,3913.64
BTC-29MAR19-15000-P,2019-02-23,BTC,29MAR19,15000,P,2.8055,0.0,1,3928.43
BTC-22FEB19-3875-C,2019-02-14,BTC,22FEB19,3875,C,0.006,55.45,13,3562.68
BTC-22FEB19-3875-C,2019-02-15,BTC,22FEB19,3875,C,0.0045,53.06,27,3562.19
BTC-22FEB19-3875-C,2019-02-16,BTC,22FEB19,3875,C,0.0045,54.18,15,3592.77
BTC-22FEB19-3875-C,2019-02-17,BTC,22FEB19,3875,C,0.0035,54.46,5,3589.05
BTC-22FEB19-3875-C,2019-02-18,BTC,22FEB19,3875,C,0.0245,68.22,147,3862.12
BTC-22FEB19-3875-C,2019-02-19,BTC,22FEB19,3875,C,0.028999999999999998,75.97,87,3908.51
BTC-22FEB19-3875-C,2019-02-20,BTC,22FEB19,3875,C,0.0195,52.56,20,3920.04
BTC-22FEB19-3875-C,2019-02-21,BTC,22FEB19,3875,C,0.0095,45.74,14,3891.23
BTC-29MAR19-4750-C,2019-02-15,BTC,29MAR19,4750,C,0.006999999999999999,58.56,5,3559.69
BTC-29MAR19-4750-C,2019-02-16,BTC,29MAR19,4750,C,0.006,56.14,1,3574.07
BTC-29MAR19-4750-C,2019-02-17,BTC,29MAR19,4750,C,0.0065,56.83,1,3593.51
BTC-29MAR19-4750-C,2019-02-18,BTC,29MAR19,4750,C,0.014,57.82,14,3855.38
BTC-29MAR19-4750-C,2019-02-19,BTC,29MAR19,4750,C,0.019,60.95,5,3917.4
BTC-29MAR19-4750-C,2019-02-20,BTC,29MAR19,4750,C,0.019,61.83,3,3924.0
BTC-29MAR19-4750-C,2019-02-21,BTC,29MAR19,4750,C,0.013000000000000001,56.13,10,3891.28
BTC-29MAR19-4750-C,2019-02-22,BTC,29MAR19,4750,C,0.015,57.72,14,3938.07
BTC-29MAR19-4750-C,2019-02-23,BTC,29MAR19,4750,C,0.0235,59.56,8,4111.59
BTC-29MAR19-4750-C,2019-02-24,BTC,29MAR19,4750,C,0.0105,63.31,8,3765.27
BTC-29MAR19-4750-C,2019-02-25,BTC,29MAR19,4750,C,0.0105,62.61,5,3791.79
BTC-29MAR19-4750-C,2019-02-26,BTC,29MAR19,4750,C,0.0095,61.72,13,3801.14
BTC-29MAR19-4750-C,2019-02-27,BTC,29MAR19,4750,C,0.008,59.42,68,3808.76
BTC-29MAR19-4750-C,2019-02-28,BTC,29MAR19,4750,C,0.0095,60.85,9,3849.01
BTC-28JUN19-5000-C,2019-02-14,BTC,28JUN19,5000,C,0.0345,58.01,4,3562.86
BTC-28JUN19-5000-C,2019-02-16,BTC,28JUN19,5000,C,0.0345,57.23,5,3591.88
BTC-28JUN19-5000-C,2019-02-17,BTC,28JUN19,5000,C,0.033,57.0,3,3571.13
BTC-28JUN19-5000-C,2019-02-18,BTC,28JUN19,5000,C,0.048,56.02,4,3873.7
BTC-28JUN19-5000-C,2019-02-19,BTC,28JUN19,5000,C,0.052000000000000005,57.54,5,3884.55
BTC-28JUN19-5000-C,2019-02-20,BTC,28JUN19,5000,C,0.0565,59.17,3,3924.0
BTC-28JUN19-5000-C,2019-02-21,BTC,28JUN19,5000,C,0.05,57.01,7,3891.16
BTC-28JUN19-5000-C,2019-02-22,BTC,28JUN19,5000,C,0.053,57.84,9,3921.89
BTC-28JUN19-5000-C,2019-02-23,BTC,28JUN19,5000,C,0.0665,58.86,4,4120.05
BTC-28JUN19-5000-C,2019-02-24,BTC,28JUN19,5000,C,0.043,59.51,2,3757.9
BTC-28JUN19-5000-C,2019-02-25,BTC,28JUN19,5000,C,0.047,58.94,4,3846.7
BTC-28JUN19-5000-C,2019-02-27,BTC,28JUN19,5000,C,0.0425,58.23,4,3801.05
BTC-28JUN19-5000-C,2019-02-28,BTC,28JUN19,5000,C,0.043,58.1,1,3810.79
BTC-29MAR19-8000-P,2019-02-15,BTC,29MAR19,8000,P,1.2505,0.0,1,3561.42
BTC-29MAR19-8000-P,2019-02-17,BTC,29MAR19,8000,P,1.216,90.1,2,3620.19
BTC-29MAR19-8000-P,2019-02-18,BTC,29MAR19,8000,P,1.0625,0.0,6,3875.91
BTC-29MAR19-8000-P,2019-02-24,BTC,29MAR19,8000,P,0.9225,0.0,1,4154.37
BTC-29MAR19-8000-P,2019-02-26,BTC,29MAR19,8000,P,1.125,0.0,1,3780.14
BTC-29MAR19-8000-P,2019-02-27,BTC,29MAR19,8000,P,1.1355,0.0,1,3757.13
BTC-29MAR19-8000-P,2019-02-28,BTC,29MAR19,8000,P,1.0825,113.26,5,3857.76
BTC-28JUN19-7000-C,2019-02-15,BTC,28JUN19,7000,C,0.006,60.37,2,3575.28
BTC-28JUN19-7000-C,2019-02-17,BTC,28JUN19,7000,C,0.006,59.54,5,3638.54
BTC-28JUN19-7000-C,2019-02-18,BTC,28JUN19,7000,C,0.0085,58.45,3,3878.52
BTC-28JUN19-7000-C,2019-02-19,BTC,28JUN19,7000,C,0.0115,61.49,5,3928.24
BTC-28JUN19-7000-C,2019-02-20,BTC,28JUN19,7000,C,0.0115,61.94,1,3912.0
BTC-28JUN19-7000-C,2019-02-21,BTC,28JUN19,7000,C,0.0085,58.6,9,3893.61
BTC-28JUN19-7000-C,2019-02-22,BTC,28JUN19,7000,C,0.011000000000000001,61.36,4,3930.24
BTC-28JUN19-7000-C,2019-02-23,BTC,28JUN19,7000,C,0.013,60.73,10,4101.81
BTC-28JUN19-7000-C,2019-02-24,BTC,28JUN19,7000,C,0.0105,63.18,4,3852.18
BTC-28JUN19-7000-C,2019-02-25,BTC,28JUN19,7000,C,0.01,63.4,4,3846.42
BTC-28JUN19-7000-C,2019-02-26,BTC,28JUN19,7000,C,0.0105,65.02,1,3811.75
BTC-28JUN19-7000-C,2019-02-28,BTC,28JUN19,7000,C,0.008,61.81,1,3810.44
BTC-27SEP19-8000-C,2019-02-14,BTC,27SEP19,8000,C,0.0115,59.97,4,3572.7
BTC-27SEP19-8000-C,2019-02-15,BTC,27SEP19,8000,C,0.011,59.6,4,3568.43
BTC-27SEP19-8000-C,2019-02-16,BTC,27SEP19,8000,C,0.012,60.02,6,3598.73
BTC-27SEP19-8000-C,2019-02-17,BTC,27SEP19,8000,C,0.0105,58.71,3,3603.27
BTC-27SEP19-8000-C,2019-02-18,BTC,27SEP19,8000,C,0.017,60.26,7,3861.79
BTC-27SEP19-8000-C,2019-02-19,BTC,27SEP19,8000,C,0.016,58.99,8,3907.84
BTC-27SEP19-8000-C,2019-02-21,BTC,27SEP19,8000,C,0.015,58.45,7,3892.25
BTC-27SEP19-8000-C,2019-02-23,BTC,27SEP19,8000,C,0.019,61.47,2,3929.53
BTC-27SEP19-8000-C,2019-02-24,BTC,27SEP19,8000,C,0.017,63.1,3,3775.21
BTC-27SEP19-8000-C,2019-02-25,BTC,27SEP19,8000,C,0.016,61.44,12,3828.73
BTC-27SEP19-8000-C,2019-02-26,BTC,27SEP19,8000,C,0.016,62.05,2,3797.21
BTC-27SEP19-8000-C,2019-02-27,BTC,27SEP19,8000,C,0.0165,62.4,13,3801.15
BTC-27SEP19-8000-C,2019-02-28,BTC,27SEP19,8000,C,0.015,60.73,6,3841.72
BTC-29MAR19-4000-C,2019-02-14,BTC,29MAR19,4000,C,0.032,55.0,13,3574.29
BTC-29MAR19-4000-C,2019-02-15,BTC,29MAR19,4000,C,0.03,54.03,46,3568.21
BTC-29MAR19-4000-C,2019-02-16,BTC,29MAR19,4000,C,0.032,54.47,6,3592.0
BTC-29MAR19-4000-C,2019-02-17,BTC,29MAR19,4000,C,0.03,53.12,35,3602.04
BTC-29MAR19-4000-C,2019-02-18,BTC,29MAR19,4000,C,0.0595,57.26,91,3869.65
BTC-29MAR19-4000-C,2019-02-19,BTC,29MAR19,4000,C,0.061,57.73,131,3878.56
BTC-29MAR19-4000-C,2019-02-20,BTC,29MAR19,4000,C,0.0625,55.33,35,3932.97
BTC-29MAR19-4000-C,2019-02-21,BTC,29MAR19,4000,C,0.059000000000000004,55.64,28,3893.4
BTC-29MAR19-4000-C,2019-02-22,BTC,29MAR19,4000,C,0.0665,58.95,64,3938.07
BTC-29MAR19-4000-C,2019-02-23,BTC,29MAR19,4000,C,0.0875,60.88,53,4110.43
BTC-29MAR19-4000-C,2019-02-24,BTC,29MAR19,4000,C,0.045,62.91,40,3730.74
BTC-29MAR19-4000-C,2019-02-25,BTC,29MAR19,4000,C,0.0495,60.68,55,3817.19
BTC-29MAR19-4000-C,2019-02-26,BTC,29MAR19,4000,C,0.0415,56.6,51,3795.73
BTC-29MAR19-4000-C,2019-02-27,BTC,29MAR19,4000,C,0.041,56.38,119,3798.54
BTC-29MAR19-4000-C,2019-02-28,BTC,29MAR19,4000,C,0.0425,58.2,26,3799.85
BTC-22FEB19-3375-C,2019-02-14,BTC,22FEB19,3375,C,0.0615,48.07,4,3565.51
BTC-22FEB19-3375-C,2019-02-15,BTC,22FEB19,3375,C,0.062,53.85,13,3561.87
BTC-22FEB19-3375-C,2019-02-17,BTC,22FEB19,3375,C,0.081,60.37,6,3655.61
BTC-22FEB19-3375-C,2019-02-18,BTC,22FEB19,3375,C,0.127,88.67,22,3855.36
BTC-22FEB19-3375-C,2019-02-19,BTC,22FEB19,3375,C,0.145,108.94,1,3933.78
BTC-22FEB19-3375-C,2019-02-21,BTC,22FEB19,3375,C,0.132,0.0,10,3900.01
BTC-28JUN19-14000-P,2019-02-14,BTC,28JUN19,14000,P,2.9795,104.8,1,3566.18
BTC-28JUN19-14000-P,2019-02-18,BTC,28JUN19,14000,P,2.6745,0.0,3,3815.91
BTC-27SEP19-2500-C,2019-02-15,BTC,27SEP19,2500,C,0.3545,64.6,1,3577.29
BTC-27SEP19-2500-C,2019-02-18,BTC,27SEP19,2500,C,0.3725,64.74,1,3700.39
BTC-27SEP19-2500-C,2019-02-19,BTC,27SEP19,2500,C,0.405,66.01,1,3934.76
BTC-27SEP19-2500-C,2019-02-20,BTC,27SEP19,2500,C,0.397,60.46,10,3937.33
BTC-26APR19-4250-C,2019-02-16,BTC,26APR19,4250,C,0.035,54.81,4,3581.88
BTC-26APR19-4250-C,2019-02-17,BTC,26APR19,4250,C,0.0375,55.25,2,3619.13
BTC-26APR19-4250-C,2019-02-18,BTC,26APR19,4250,C,0.0485,53.37,4,3807.71
BTC-26APR19-4250-C,2019-02-20,BTC,26APR19,4250,C,0.07,60.7,2,3924.0
BTC-26APR19-4250-C,2019-02-21,BTC,26APR19,4250,C,0.0605,56.37,5,3896.02
BTC-26APR19-4250-C,2019-02-22,BTC,26APR19,4250,C,0.0655,57.21,3,3948.97
BTC-26APR19-4250-C,2019-02-23,BTC,26APR19,4250,C,0.083,58.59,9,4130.35
BTC-26APR19-4250-C,2019-02-24,BTC,26APR19,4250,C,0.0515,59.31,7,3804.83
BTC-26APR19-4250-C,2019-02-25,BTC,26APR19,4250,C,0.0535,59.8,7,3824.51
BTC-26APR19-4250-C,2019-02-27,BTC,26APR19,4250,C,0.0435,57.32,4,3753.12
BTC-1MAR19-4000-P,2019-02-21,BTC,1MAR19,4000,P,0.0435,50.57,6,3904.81
BTC-1MAR19-4000-P,2019-02-22,BTC,1MAR19,4000,P,0.0325,48.38,11,3949.54
BTC-1MAR19-4000-P,2019-02-23,BTC,1MAR19,4000,P,0.0165,59.08,11,4113.24
BTC-1MAR19-4000-P,2019-02-24,BTC,1MAR19,4000,P,0.07200000000000001,79.58,44,3781.28
BTC-1MAR19-4000-P,2019-02-27,BTC,1MAR19,4000,P,0.071,0.0,3,3728.22
BTC-1MAR19-4000-P,2019-02-28,BTC,1MAR19,4000,P,0.054000000000000006,0.0,6,3788.08
BTC-29MAR19-2000-P,2019-02-15,BTC,29MAR19,2000,P,0.0005,71.62,8,3586.31
BTC-29MAR19-2000-P,2019-02-16,BTC,29MAR19,2000,P,0.0015,84.78,2,3594.22
BTC-29MAR19-2000-P,2019-02-17,BTC,29MAR19,2000,P,0.0015,84.53,1,3560.89
BTC-29MAR19-2000-P,2019-02-18,BTC,29MAR19,2000,P,0.0005,83.72,5,3863.82
BTC-29MAR19-2000-P,2019-02-22,BTC,29MAR19,2000,P,0.0005,89.88,1,3913.33
BTC-29MAR19-2000-P,2019-02-24,BTC,29MAR19,2000,P,0.001,95.0,4,3761.26
BTC-29MAR19-2000-P,2019-02-25,BTC,29MAR19,2000,P,0.0005,88.35,1,3775.43
BTC-29MAR19-2000-P,2019-02-26,BTC,29MAR19,2000,P,0.0005,91.34,2,3796.07
BTC-29MAR19-2000-P,2019-02-27,BTC,29MAR19,2000,P,0.001,100.83,1,3792.77
BTC-29MAR19-2000-P,2019-02-28,BTC,29MAR19,2000,P,0.0005,94.86,2,3826.62
BTC-27SEP19-2000-P,2019-02-13,BTC,27SEP19,2000,P,0.031,69.59,2,3577.67
BTC-27SEP19-2000-P,2019-02-17,BTC,27SEP19,2000,P,0.028999999999999998,68.95,2,3570.78
BTC-27SEP19-2000-P,2019-02-18,BTC,27SEP19,2000,P,0.0305,78.55,16,3863.02
BTC-27SEP19-2000-P,2019-02-19,BTC,27SEP19,2000,P,0.019,69.62,1,3931.46
BTC-27SEP19-2000-P,2019-02-22,BTC,27SEP19,2000,P,0.0165,67.47,1,3921.53
BTC-27SEP19-2000-P,2019-02-23,BTC,27SEP19,2000,P,0.0175,68.51,1,3926.72
BTC-27SEP19-2000-P,2019-02-25,BTC,27SEP19,2000,P,0.02,69.03,3,3848.99
BTC-27SEP19-2000-P,2019-02-26,BTC,27SEP19,2000,P,0.018000000000000002,66.52,1,3820.86
BTC-27SEP19-2000-P,2019-02-27,BTC,27SEP19,2000,P,0.0195,67.73,1,3802.42
BTC-1MAR19-3375-P,2019-02-21,BTC,1MAR19,3375,P,0.0025,63.5,3,3883.79
BTC-1MAR19-3375-P,2019-02-22,BTC,1MAR19,3375,P,0.0015,65.06,5,3919.6
BTC-1MAR19-3375-P,2019-02-23,BTC,1MAR19,3375,P,0.0005,70.18,5,4053.44
BTC-1MAR19-3375-P,2019-02-24,BTC,1MAR19,3375,P,0.002,70.22,8,3798.93
BTC-1MAR19-3375-P,2019-02-25,BTC,1MAR19,3375,P,0.0015,70.51,10,3784.27
BTC-1MAR19-3375-P,2019-02-26,BTC,1MAR19,3375,P,0.0005,72.79,1,3800.97
BTC-8MAR19-4000-C,2019-02-28,BTC,8MAR19,4000,C,0.012,49.81,20,3825.09
BTC-27SEP19-2500-P,2019-02-15,BTC,27SEP19,2500,P,0.0605,64.25,1,3577.37
BTC-27SEP19-2500-P,2019-02-16,BTC,27SEP19,2500,P,0.0605,65.14,1,3585.73
BTC-27SEP19-2500-P,2019-02-17,BTC,27SEP19,2500,P,0.06,64.84,2,3582.22
BTC-27SEP19-2500-P,2019-02-18,BTC,27SEP19,2500,P,0.051,69.73,6,3863.43
BTC-27SEP19-2500-P,2019-02-19,BTC,27SEP19,2500,P,0.0395,65.77,4,3964.95
BTC-27SEP19-2500-P,2019-02-20,BTC,27SEP19,2500,P,0.0395,65.02,4,3927.54
BTC-27SEP19-2500-P,2019-02-24,BTC,27SEP19,2500,P,0.0455,64.17,10,3796.32
BTC-27SEP19-2500-P,2019-02-25,BTC,27SEP19,2500,P,0.042,62.79,13,3792.24
BTC-27SEP19-2500-P,2019-02-26,BTC,27SEP19,2500,P,0.0465,65.11,1,3782.51
BTC-27SEP19-2500-P,2019-02-28,BTC,27SEP19,2500,P,0.042,65.02,4,3860.12
BTC-27SEP19-1500-C,2019-02-22,BTC,27SEP19,1500,C,0.6205,58.06,1,3922.86
BTC-27SEP19-1500-C,2019-02-25,BTC,27SEP19,1500,C,0.6095,77.02,1,3778.69
BTC-29MAR19-4500-C,2019-02-14,BTC,29MAR19,4500,C,0.0105,55.56,11,3565.06
BTC-29MAR19-4500-C,2019-02-15,BTC,29MAR19,4500,C,0.01,55.38,2,3557.13
BTC-29MAR19-4500-C,2019-02-16,BTC,29MAR19,4500,C,0.0105,55.12,6,3582.8
BTC-29MAR19-4500-C,2019-02-17,BTC,29MAR19,4500,C,0.009000000000000001,53.98,5,3577.56
BTC-29MAR19-4500-C,2019-02-18,BTC,29MAR19,4500,C,0.023,57.46,100,3858.54
BTC-29MAR19-4500-C,2019-02-19,BTC,29MAR19,4500,C,0.028,58.88,85,3926.88
BTC-29MAR19-4500-C,2019-02-20,BTC,29MAR19,4500,C,0.025,56.95,20,3919.14
BTC-29MAR19-4500-C,2019-02-21,BTC,29MAR19,4500,C,0.021,54.7,14,3890.63
BTC-29MAR19-4500-C,2019-02-22,BTC,29MAR19,4500,C,0.025,56.96,13,3941.12
BTC-29MAR19-4500-C,2019-02-23,BTC,29MAR19,4500,C,0.039,60.25,57,4117.06
BTC-29MAR19-4500-C,2019-02-24,BTC,29MAR19,4500,C,0.016,62.03,28,3737.57
BTC-29MAR19-4500-C,2019-02-25,BTC,29MAR19,4500,C,0.0185,60.13,15,3846.73
BTC-29MAR19-4500-C,2019-02-26,BTC,29MAR19,4500,C,0.015,59.55,10,3791.34
BTC-29MAR19-4500-C,2019-02-27,BTC,29MAR19,4500,C,0.013000000000000001,59.42,64,3759.98
BTC-29MAR19-4500-C,2019-02-28,BTC,29MAR19,4500,C,0.0135,58.36,6,3804.73
BTC-8MAR19-3875-P,2019-02-28,BTC,8MAR19,3875,P,0.043,55.37,14,3800.23
BTC-27SEP19-10000-C,2019-02-14,BTC,27SEP19,10000,C,0.005,62.72,5,3574.83
BTC-27SEP19-10000-C,2019-02-15,BTC,27SEP19,10000,C,0.0055,63.54,1,3581.2
BTC-27SEP19-10000-C,2019-02-16,BTC,27SEP19,10000,C,0.006,64.2,2,3596.71
BTC-27SEP19-10000-C,2019-02-17,BTC,27SEP19,10000,C,0.0055,63.8,4,3572.31
BTC-27SEP19-10000-C,2019-02-18,BTC,27SEP19,10000,C,0.0075,62.77,13,3870.62
BTC-27SEP19-10000-C,2019-02-19,BTC,27SEP19,10000,C,0.0095,64.93,6,3911.01
BTC-27SEP19-10000-C,2019-02-20,BTC,27SEP19,10000,C,0.006999999999999999,62.06,1,3889.8
BTC-27SEP19-10000-C,2019-02-22,BTC,27SEP19,10000,C,0.0095,64.93,4,3936.88
BTC-27SEP19-10000-C,2019-02-24,BTC,27SEP19,10000,C,0.0115,65.1,1,4127.3
BTC-27SEP19-10000-C,2019-02-25,BTC,27SEP19,10000,C,0.0085,66.15,10,3828.73
BTC-27SEP19-10000-C,2019-02-26,BTC,27SEP19,10000,C,0.008,66.14,4,3784.85
BTC-27SEP19-10000-C,2019-02-27,BTC,27SEP19,10000,C,0.0065,64.72,3,3739.9
BTC-27SEP19-10000-C,2019-02-28,BTC,27SEP19,10000,C,0.008,65.77,3,3829.96
BTC-28JUN19-11000-C,2019-02-18,BTC,28JUN19,11000,C,0.001,67.73,3,3865.04
BTC-28JUN19-11000-C,2019-02-22,BTC,28JUN19,11000,C,0.0015,71.41,1,3890.6
BTC-28JUN19-11000-C,2019-02-27,BTC,28JUN19,11000,C,0.0015,75.65,2,3746.06
BTC-27SEP19-4000-C,2019-02-15,BTC,27SEP19,4000,C,0.1315,57.87,4,3565.13
BTC-27SEP19-4000-C,2019-02-16,BTC,27SEP19,4000,C,0.139,59.05,2,3598.52
BTC-27SEP19-4000-C,2019-02-18,BTC,27SEP19,4000,C,0.1545,54.79,2,3862.36
BTC-27SEP19-4000-C,2019-02-20,BTC,27SEP19,4000,C,0.1745,59.62,2,3924.0
BTC-27SEP19-4000-C,2019-02-21,BTC,27SEP19,4000,C,0.166,57.68,6,3892.75
BTC-27SEP19-4000-C,2019-02-22,BTC,27SEP19,4000,C,0.1715,58.93,6,3916.54
BTC-27SEP19-4000-C,2019-02-24,BTC,27SEP19,4000,C,0.1475,58.13,5,3768.68
BTC-27SEP19-4000-C,2019-02-28,BTC,27SEP19,4000,C,0.153,57.38,1,3838.68
BTC-22FEB19-2250-P,2019-02-15,BTC,22FEB19,2250,P,0.0005,145.17,1,3560.31
BTC-22FEB19-2250-P,2019-02-20,BTC,22FEB19,2250,P,0.0005,333.45,3,3937.9
BTC-1MAR19-3750-P,2019-02-21,BTC,1MAR19,3750,P,0.013000000000000001,50.32,7,3898.94
BTC-1MAR19-3750-P,2019-02-22,BTC,1MAR19,3750,P,0.0085,49.13,36,3935.61
BTC-1MAR19-3750-P,2019-02-23,BTC,1MAR19,3750,P,0.003,58.28,41,4113.5
BTC-1MAR19-3750-P,2019-02-24,BTC,1MAR19,3750,P,0.03,68.53,72,3750.43
BTC-1MAR19-3750-P,2019-02-25,BTC,1MAR19,3750,P,0.017,66.71,18,3825.86
BTC-1MAR19-3750-P,2019-02-26,BTC,1MAR19,3750,P,0.0135,56.55,18,3789.71
BTC-1MAR19-3750-P,2019-02-27,BTC,1MAR19,3750,P,0.008,59.41,45,3808.26
BTC-1MAR19-3750-P,2019-02-28,BTC,1MAR19,3750,P,0.005,69.94,62,3807.12
BTC-28JUN19-8000-C,2019-02-16,BTC,28JUN19,8000,C,0.0035,63.91,4,3582.67
BTC-28JUN19-8000-C,2019-02-17,BTC,28JUN19,8000,C,0.0035,63.86,2,3585.77
BTC-28JUN19-8000-C,2019-02-18,BTC,28JUN19,8000,C,0.005,62.07,7,3892.35
BTC-28JUN19-8000-C,2019-02-19,BTC,28JUN19,8000,C,0.006,63.95,12,3904.73
BTC-28JUN19-8000-C,2019-02-20,BTC,28JUN19,8000,C,0.0055,63.04,2,3915.13
BTC-28JUN19-8000-C,2019-02-21,BTC,28JUN19,8000,C,0.002,54.37,17,3895.86
BTC-28JUN19-8000-C,2019-02-22,BTC,28JUN19,8000,C,0.0055,62.78,3,3937.29
BTC-28JUN19-8000-C,2019-02-23,BTC,28JUN19,8000,C,0.006,62.86,4,4030.25
BTC-28JUN19-8000-C,2019-02-24,BTC,28JUN19,8000,C,0.0075,69.98,10,3816.92
BTC-28JUN19-8000-C,2019-02-25,BTC,28JUN19,8000,C,0.0065,68.57,5,3814.07
BTC-28JUN19-8000-C,2019-02-26,BTC,28JUN19,8000,C,0.0055,67.29,14,3795.08
BTC-28JUN19-8000-C,2019-02-27,BTC,28JUN19,8000,C,0.004,65.13,3,3739.91
BTC-28JUN19-8000-C,2019-02-28,BTC,28JUN19,8000,C,0.005,66.49,1,3800.67
BTC-29MAR19-10000-P,2019-02-17,BTC,29MAR19,10000,P,1.798,151.56,1,3586.34
BTC-29MAR19-10000-P,2019-02-18,BTC,29MAR19,10000,P,1.635,125.47,1,3805.52
BTC-29MAR19-10000-P,2019-02-19,BTC,29MAR19,10000,P,1.539,0.0,2,3926.78
BTC-29MAR19-10000-P,2019-02-20,BTC,29MAR19,10000,P,1.545,0.0,5,3920.62
BTC-29MAR19-10000-P,2019-02-24,BTC,29MAR19,10000,P,1.402,0.0,1,4154.5
BTC-29MAR19-10000-P,2019-02-25,BTC,29MAR19,10000,P,1.6275,0.0,2,3822.18
BTC-29MAR19-10000-P,2019-02-28,BTC,29MAR19,10000,P,1.6645,168.64,1,3768.27
BTC-29MAR19-3000-P,2019-02-14,BTC,29MAR19,3000,P,0.023,61.16,16,3565.07
BTC-29MAR19-3000-P,2019-02-15,BTC,29MAR19,3000,P,0.021,60.08,27,3568.84
BTC-29MAR19-3000-P,2019-02-16,BTC,29MAR19,3000,P,0.019,60.26,11,3590.59
BTC-29MAR19-3000-P,2019-02-17,BTC,29MAR19,3000,P,0.016,59.23,18,3623.62
BTC-29MAR19-3000-P,2019-02-18,BTC,29MAR19,3000,P,0.01,63.9,49,3856.64
BTC-29MAR19-3000-P,2019-02-19,BTC,29MAR19,3000,P,0.0085,65.25,56,3916.37
BTC-29MAR19-3000-P,2019-02-20,BTC,29MAR19,3000,P,0.0055,59.42,36,3924.0
BTC-29MAR19-3000-P,2019-02-21,BTC,29MAR19,3000,P,0.006999999999999999,63.19,8,3899.43
BTC-29MAR19-3000-P,2019-02-22,BTC,29MAR19,3000,P,0.0075,67.03,13,3941.34
BTC-29MAR19-3000-P,2019-02-23,BTC,29MAR19,3000,P,0.005,69.2,23,4113.18
BTC-29MAR19-3000-P,2019-02-24,BTC,29MAR19,3000,P,0.0105,64.86,16,3784.1
BTC-29MAR19-3000-P,2019-02-25,BTC,29MAR19,3000,P,0.009000000000000001,66.32,17,3841.72
BTC-29MAR19-3000-P,2019-02-26,BTC,29MAR19,3000,P,0.008,63.23,14,3795.07
BTC-29MAR19-3000-P,2019-02-27,BTC,29MAR19,3000,P,0.0075,63.98,23,3804.06
BTC-29MAR19-3000-P,2019-02-28,BTC,29MAR19,3000,P,0.006999999999999999,65.46,15,3839.45
BTC-22FEB19-3750-C,2019-02-13,BTC,22FEB19,3750,C,0.012,49.62,1,3571.68
BTC-22FEB19-3750-C,2019-02-14,BTC,22FEB19,3750,C,0.0105,50.63,30,3565.06
BTC-22FEB19-3750-C,2019-02-15,BTC,22FEB19,3750,C,0.009000000000000001,50.3,62,3565.21
BTC-22FEB19-3750-C,2019-02-16,BTC,22FEB19,3750,C,0.012,57.34,18,3584.7
BTC-22FEB19-3750-C,2019-02-17,BTC,22FEB19,3750,C,0.011000000000000001,55.02,25,3626.48
BTC-22FEB19-3750-C,2019-02-18,BTC,22FEB19,3750,C,0.0435,64.32,190,3873.73
BTC-22FEB19-3750-C,2019-02-19,BTC,22FEB19,3750,C,0.0515,65.15,68,3931.1
BTC-22FEB19-3750-C,2019-02-20,BTC,22FEB19,3750,C,0.052000000000000005,93.79,11,3924.0
BTC-22FEB19-3750-C,2019-02-21,BTC,22FEB19,3750,C,0.0345,67.25,25,3879.35
BTC-22FEB19-3625-C,2019-02-14,BTC,22FEB19,3625,C,0.0195,47.74,14,3563.28
BTC-22FEB19-3625-C,2019-02-15,BTC,22FEB19,3625,C,0.0165,44.65,56,3566.28
BTC-22FEB19-3625-C,2019-02-16,BTC,22FEB19,3625,C,0.0215,52.58,23,3593.45
BTC-22FEB19-3625-C,2019-02-17,BTC,22FEB19,3625,C,0.0215,48.09,48,3629.25
BTC-22FEB19-3625-C,2019-02-18,BTC,22FEB19,3625,C,0.069,79.34,54,3857.39
BTC-22FEB19-3625-C,2019-02-19,BTC,22FEB19,3625,C,0.0705,85.51,15,3874.55
BTC-22FEB19-3625-C,2019-02-20,BTC,22FEB19,3625,C,0.077,72.31,10,3924.03
BTC-22FEB19-3625-C,2019-02-21,BTC,22FEB19,3625,C,0.066,87.45,20,3877.06
BTC-27SEP19-7000-P,2019-02-15,BTC,27SEP19,7000,P,1.005,57.75,1,3561.14
BTC-29MAR19-7000-C,2019-02-15,BTC,29MAR19,7000,C,0.001,83.22,2,3559.7
BTC-29MAR19-7000-C,2019-02-17,BTC,29MAR19,7000,C,0.001,84.6,1,3574.5
BTC-29MAR19-7000-C,2019-02-18,BTC,29MAR19,7000,C,0.001,77.6,18,3857.59
BTC-29MAR19-7000-C,2019-02-19,BTC,29MAR19,7000,C,0.0015,80.84,21,3910.09
BTC-29MAR19-7000-C,2019-02-20,BTC,29MAR19,7000,C,0.001,77.21,18,3931.45
BTC-29MAR19-7000-C,2019-02-21,BTC,29MAR19,7000,C,0.001,78.81,1,3888.17
BTC-29MAR19-7000-C,2019-02-22,BTC,29MAR19,7000,C,0.001,78.75,7,3937.72
BTC-29MAR19-7000-C,2019-02-23,BTC,29MAR19,7000,C,0.0005,69.19,12,4116.31
BTC-29MAR19-7000-C,2019-02-24,BTC,29MAR19,7000,C,0.0015,78.56,5,4159.45
BTC-29MAR19-7000-C,2019-02-25,BTC,29MAR19,7000,C,0.001,88.2,11,3783.93
BTC-29MAR19-7000-C,2019-02-26,BTC,29MAR19,7000,C,0.0005,81.97,1,3809.65
BTC-28JUN19-1500-P,2019-02-14,BTC,28JUN19,1500,P,0.003,73.47,2,3561.74
BTC-28JUN19-1500-P,2019-02-15,BTC,28JUN19,1500,P,0.0035,75.65,2,3558.83
BTC-28JUN19-1500-P,2019-02-18,BTC,28JUN19,1500,P,0.002,77.34,4,3887.45
BTC-28JUN19-1500-P,2019-02-19,BTC,28JUN19,1500,P,0.002,78.82,6,3949.46
BTC-28JUN19-1500-P,2019-02-20,BTC,28JUN19,1500,P,0.0015,75.84,5,3945.11
BTC-28JUN19-1500-P,2019-02-21,BTC,28JUN19,1500,P,0.0025,81.51,1,3898.18
BTC-28JUN19-1500-P,2019-02-22,BTC,28JUN19,1500,P,0.002,79.58,4,3925.59
BTC-28JUN19-1500-P,2019-02-23,BTC,28JUN19,1500,P,0.0015,79.89,3,4117.61
BTC-28JUN19-1500-P,2019-02-24,BTC,28JUN19,1500,P,0.003,80.82,3,3761.23
BTC-28JUN19-1500-P,2019-02-26,BTC,28JUN19,1500,P,0.002,77.66,1,3819.38
BTC-29MAR19-5000-C,2019-02-14,BTC,29MAR19,5000,C,0.0045,59.5,7,3561.2
BTC-29MAR19-5000-C,2019-02-15,BTC,29MAR19,5000,C,0.0035,57.3,34,3567.89
BTC-29MAR19-5000-C,2019-02-17,BTC,29MAR19,5000,C,0.0035,57.46,12,3596.91
BTC-29MAR19-5000-C,2019-02-18,BTC,29MAR19,5000,C,0.009000000000000001,59.16,66,3863.64
BTC-29MAR19-5000-C,2019-02-19,BTC,29MAR19,5000,C,0.01,59.86,40,3894.48
BTC-29MAR19-5000-C,2019-02-20,BTC,29MAR19,5000,C,0.012,62.42,5,3924.0
BTC-29MAR19-5000-C,2019-02-21,BTC,29MAR19,5000,C,0.009000000000000001,59.76,5,3888.96
BTC-29MAR19-5000-C,2019-02-22,BTC,29MAR19,5000,C,0.01,59.85,16,3944.56
BTC-29MAR19-5000-C,2019-02-23,BTC,29MAR19,5000,C,0.015,60.73,31,4108.51
BTC-29MAR19-5000-C,2019-02-24,BTC,29MAR19,5000,C,0.006999999999999999,65.7,25,3773.34
BTC-29MAR19-5000-C,2019-02-25,BTC,29MAR19,5000,C,0.008,65.12,14,3848.1
BTC-29MAR19-5000-C,2019-02-26,BTC,29MAR19,5000,C,0.005,61.71,20,3795.13
BTC-29MAR19-5000-C,2019-02-27,BTC,29MAR19,5000,C,0.004,62.07,21,3737.59
BTC-29MAR19-5000-C,2019-02-28,BTC,29MAR19,5000,C,0.005,62.34,1,3806.51
BTC-28JUN19-2500-P,2019-02-14,BTC,28JUN19,2500,P,0.0305,62.33,13,3574.63
BTC-28JUN19-2500-P,2019-02-15,BTC,28JUN19,2500,P,0.0315,63.07,2,3566.23
BTC-28JUN19-2500-P,2019-02-16,BTC,28JUN19,2500,P,0.0295,63.21,4,3592.39
BTC-28JUN19-2500-P,2019-02-18,BTC,28JUN19,2500,P,0.017,62.33,21,3894.46
BTC-28JUN19-2500-P,2019-02-19,BTC,28JUN19,2500,P,0.0185,65.27,3,3924.98
BTC-28JUN19-2500-P,2019-02-20,BTC,28JUN19,2500,P,0.0145,61.11,1,3924.21
BTC-28JUN19-2500-P,2019-02-21,BTC,28JUN19,2500,P,0.019,65.9,1,3899.68
BTC-28JUN19-2500-P,2019-02-22,BTC,28JUN19,2500,P,0.0185,65.25,2,3893.13
BTC-28JUN19-2500-P,2019-02-23,BTC,28JUN19,2500,P,0.0155,65.69,4,4033.26
BTC-28JUN19-2500-P,2019-02-24,BTC,28JUN19,2500,P,0.0215,63.72,4,3787.72
BTC-28JUN19-2500-P,2019-02-25,BTC,28JUN19,2500,P,0.022,65.95,6,3811.75
BTC-28JUN19-2500-P,2019-02-26,BTC,28JUN19,2500,P,0.023,66.52,3,3789.63
BTC-8MAR19-3625-C,2019-02-28,BTC,8MAR19,3625,C,0.0585,50.59,1,3807.31
BTC-22FEB19-3500-C,2019-02-14,BTC,22FEB19,3500,C,0.0375,48.69,22,3565.62
BTC-22FEB19-3500-C,2019-02-15,BTC,22FEB19,3500,C,0.036000000000000004,47.84,19,3568.82
BTC-22FEB19-3500-C,2019-02-16,BTC,22FEB19,3500,C,0.0385,49.35,7,3589.09
BTC-22FEB19-3500-C,2019-02-17,BTC,22FEB19,3500,C,0.0375,52.2,17,3590.95
BTC-22FEB19-3500-C,2019-02-18,BTC,22FEB19,3500,C,0.0955,68.47,64,3860.97
BTC-22FEB19-3500-C,2019-02-19,BTC,22FEB19,3500,C,0.1105,71.96,18,3932.08
BTC-22FEB19-3500-C,2019-02-20,BTC,22FEB19,3500,C,0.111,124.59,2,3923.82
BTC-22FEB19-3500-C,2019-02-21,BTC,22FEB19,3500,C,0.10099999999999999,0.0,11,3894.29
BTC-27SEP19-7000-C,2019-02-14,BTC,27SEP19,7000,C,0.0205,59.62,2,3572.36
BTC-27SEP19-7000-C,2019-02-16,BTC,27SEP19,7000,C,0.0215,59.98,3,3584.46
BTC-27SEP19-7000-C,2019-02-18,BTC,27SEP19,7000,C,0.0275,58.56,7,3889.2
BTC-27SEP19-7000-C,2019-02-19,BTC,27SEP19,7000,C,0.032,60.1,10,3948.93
BTC-27SEP19-7000-C,2019-02-21,BTC,27SEP19,7000,C,0.03,60.09,4,3890.3
BTC-27SEP19-7000-C,2019-02-23,BTC,27SEP19,7000,C,0.0325,61.21,3,3930.15
BTC-27SEP19-7000-C,2019-02-24,BTC,27SEP19,7000,C,0.04,61.33,1,4138.0
BTC-27SEP19-7000-C,2019-02-25,BTC,27SEP19,7000,C,0.026000000000000002,60.73,13,3781.75
BTC-27SEP19-7000-C,2019-02-27,BTC,27SEP19,7000,C,0.0255,61.08,4,3763.57
BTC-27SEP19-7000-C,2019-02-28,BTC,27SEP19,7000,C,0.0255,60.07,3,3822.93
BTC-28JUN19-20000-C,2019-02-17,BTC,28JUN19,20000,C,0.0005,96.25,1,3574.46
BTC-28JUN19-20000-C,2019-02-24,BTC,28JUN19,20000,C,0.0005,97.0,3,3741.1
BTC-28JUN19-20000-C,2019-02-26,BTC,28JUN19,20000,C,0.0005,96.9,1,3801.26
BTC-28JUN19-20000-C,2019-02-27,BTC,28JUN19,20000,C,0.0005,97.25,1,3797.29
BTC-27SEP19-5000-P,2019-02-19,BTC,27SEP19,5000,P,0.365,57.31,1,3932.29
BTC-27SEP19-5000-P,2019-02-20,BTC,27SEP19,5000,P,0.3565,55.06,3,3933.0
BTC-27SEP19-5000-P,2019-02-24,BTC,27SEP19,5000,P,0.39,46.16,3,3779.56
BTC-27SEP19-5000-P,2019-02-26,BTC,27SEP19,5000,P,0.406,57.04,8,3788.59
BTC-27SEP19-5000-P,2019-02-27,BTC,27SEP19,5000,P,0.4375,57.76,2,3676.89
BTC-26APR19-2500-P,2019-02-16,BTC,26APR19,2500,P,0.0105,63.73,2,3584.41
BTC-26APR19-2500-P,2019-02-17,BTC,26APR19,2500,P,0.01,63.68,5,3599.03
BTC-26APR19-2500-P,2019-02-18,BTC,26APR19,2500,P,0.006999999999999999,68.49,10,3868.34
BTC-26APR19-2500-P,2019-02-19,BTC,26APR19,2500,P,0.0075,70.59,1,3875.48
BTC-26APR19-2500-P,2019-02-20,BTC,26APR19,2500,P,0.0045,65.34,3,3924.21
BTC-26APR19-2500-P,2019-02-23,BTC,26APR19,2500,P,0.0045,72.55,2,4103.6
BTC-26APR19-2500-P,2019-02-24,BTC,26APR19,2500,P,0.0045,61.86,17,3787.42
BTC-26APR19-2500-P,2019-02-25,BTC,26APR19,2500,P,0.008,70.37,2,3769.04
BTC-26APR19-2500-P,2019-02-26,BTC,26APR19,2500,P,0.006999999999999999,69.95,2,3799.92
BTC-26APR19-2500-P,2019-02-27,BTC,26APR19,2500,P,0.0065,69.48,2,3806.77
BTC-26APR19-2500-P,2019-02-28,BTC,26APR19,2500,P,0.0065,68.78,1,3758.79
BTC-27SEP19-4500-P,2019-02-18,BTC,27SEP19,4500,P,0.2795,56.08,7,3864.69
BTC-27SEP19-4500-P,2019-02-21,BTC,27SEP19,4500,P,0.27,56.9,2,3917.75
BTC-27SEP19-4500-P,2019-02-24,BTC,27SEP19,4500,P,0.2335,58.78,1,4132.74
BTC-22FEB19-4250-C,2019-02-14,BTC,22FEB19,4250,C,0.0005,56.38,2,3566.83
BTC-22FEB19-4250-C,2019-02-15,BTC,22FEB19,4250,C,0.0005,58.27,8,3587.54
BTC-22FEB19-4250-C,2019-02-16,BTC,22FEB19,4250,C,0.001,70.98,21,3575.6
BTC-22FEB19-4250-C,2019-02-17,BTC,22FEB19,4250,C,0.001,73.77,1,3582.37
BTC-22FEB19-4250-C,2019-02-18,BTC,22FEB19,4250,C,0.002,66.59,40,3863.67
BTC-22FEB19-4250-C,2019-02-19,BTC,22FEB19,4250,C,0.0015,70.08,54,3886.8
BTC-22FEB19-4250-C,2019-02-20,BTC,22FEB19,4250,C,0.0005,65.43,13,3931.92
BTC-22FEB19-4250-C,2019-02-21,BTC,22FEB19,4250,C,0.001,88.81,1,3933.7
BTC-26APR19-4000-C,2019-02-16,BTC,26APR19,4000,C,0.054000000000000006,55.07,4,3599.08
BTC-26APR19-4000-C,2019-02-18,BTC,26APR19,4000,C,0.0665,53.26,3,3783.37
BTC-26APR19-4000-C,2019-02-19,BTC,26APR19,4000,C,0.0865,57.83,5,3893.43
BTC-26APR19-4000-C,2019-02-20,BTC,26APR19,4000,C,0.0945,60.14,5,3934.96
BTC-26APR19-4000-C,2019-02-21,BTC,26APR19,4000,C,0.08199999999999999,55.41,1,3891.91
BTC-26APR19-4000-C,2019-02-22,BTC,26APR19,4000,C,0.08900000000000001,57.45,14,3936.67
BTC-26APR19-4000-C,2019-02-23,BTC,26APR19,4000,C,0.11,59.83,9,4101.12
BTC-26APR19-4000-C,2019-02-24,BTC,26APR19,4000,C,0.067,57.44,5,3782.98
BTC-26APR19-4000-C,2019-02-25,BTC,26APR19,4000,C,0.0725,60.37,5,3784.83
BTC-26APR19-4000-C,2019-02-26,BTC,26APR19,4000,C,0.0695,57.91,6,3806.11
BTC-26APR19-4000-C,2019-02-27,BTC,26APR19,4000,C,0.068,57.67,1,3802.75
BTC-26APR19-4000-C,2019-02-28,BTC,26APR19,4000,C,0.0645,56.59,5,3777.78
BTC-22FEB19-4500-C,2019-02-15,BTC,22FEB19,4500,C,0.0005,77.35,5,3560.55
BTC-22FEB19-4500-C,2019-02-16,BTC,22FEB19,4500,C,0.0005,78.45,1,3575.47
BTC-22FEB19-4500-C,2019-02-18,BTC,22FEB19,4500,C,0.0005,72.5,12,3877.25
BTC-22FEB19-4500-C,2019-02-19,BTC,22FEB19,4500,C,0.0005,87.1,21,3889.79
BTC-22FEB19-4500-C,2019-02-20,BTC,22FEB19,4500,C,0.0005,102.65,1,3935.39
BTC-22FEB19-4500-P,2019-02-20,BTC,22FEB19,4500,P,0.1105,0.0,1,3924.0
BTC-1MAR19-4375-P,2019-02-21,BTC,1MAR19,4375,P,0.132,64.08,8,3881.33
BTC-1MAR19-4375-P,2019-02-22,BTC,1MAR19,4375,P,0.127,62.41,1,3895.06
BTC-1MAR19-4375-P,2019-02-23,BTC,1MAR19,4375,P,0.0765,50.29,2,4080.02
BTC-27SEP19-12000-C,2019-02-14,BTC,27SEP19,12000,C,0.0035,67.86,2,3574.71
BTC-27SEP19-12000-C,2019-02-18,BTC,27SEP19,12000,C,0.004,67.77,1,3700.45
BTC-27SEP19-12000-C,2019-02-19,BTC,27SEP19,12000,C,0.0055,68.36,10,3901.49
BTC-27SEP19-12000-C,2019-02-20,BTC,27SEP19,12000,C,0.005,67.17,3,3929.86
BTC-27SEP19-12000-C,2019-02-21,BTC,27SEP19,12000,C,0.0045,66.54,1,3896.37
BTC-27SEP19-12000-C,2019-02-22,BTC,27SEP19,12000,C,0.005,67.42,3,3928.78
BTC-27SEP19-12000-C,2019-02-23,BTC,27SEP19,12000,C,0.006,67.34,2,4115.36
BTC-27SEP19-12000-C,2019-02-24,BTC,27SEP19,12000,C,0.0055,72.4,5,3739.75
BTC-27SEP19-12000-C,2019-02-25,BTC,27SEP19,12000,C,0.005,70.15,4,3778.02
BTC-27SEP19-12000-C,2019-02-26,BTC,27SEP19,12000,C,0.0055,71.11,2,3786.68
BTC-22FEB19-4000-C,2019-02-14,BTC,22FEB19,4000,C,0.0025,54.37,16,3564.77
BTC-22FEB19-4000-C,2019-02-15,BTC,22FEB19,4000,C,0.002,55.44,12,3565.57
BTC-22FEB19-4000-C,2019-02-16,BTC,22FEB19,4000,C,0.002,56.08,13,3594.21
BTC-22FEB19-4000-C,2019-02-17,BTC,22FEB19,4000,C,0.002,58.25,9,3638.89
BTC-22FEB19-4000-C,2019-02-18,BTC,22FEB19,4000,C,0.012,66.96,117,3861.94
BTC-22FEB19-4000-C,2019-02-19,BTC,22FEB19,4000,C,0.0095,63.03,99,3892.17
BTC-22FEB19-4000-C,2019-02-20,BTC,22FEB19,4000,C,0.0065,57.04,58,3925.27
BTC-22FEB19-4000-C,2019-02-21,BTC,22FEB19,4000,C,0.002,66.05,57,3891.3
BTC-29MAR19-9000-P,2019-02-16,BTC,29MAR19,9000,P,1.514,119.38,6,3594.04
BTC-29MAR19-9000-P,2019-02-17,BTC,29MAR19,9000,P,1.518,142.71,1,3588.41
BTC-29MAR19-9000-P,2019-02-18,BTC,29MAR19,9000,P,1.32,0.0,7,3875.91
BTC-29MAR19-9000-P,2019-02-20,BTC,29MAR19,9000,P,1.2835,0.0,1,3929.52
BTC-29MAR19-9000-P,2019-02-24,BTC,29MAR19,9000,P,1.162,0.0,1,4154.5
BTC-29MAR19-9000-P,2019-02-25,BTC,29MAR19,9000,P,1.3925,0.0,1,3776.13
BTC-1MAR19-4500-C,2019-02-23,BTC,1MAR19,4500,C,0.0035,58.53,15,4109.19
BTC-1MAR19-4500-C,2019-02-24,BTC,1MAR19,4500,C,0.0005,72.55,49,3792.11
BTC-1MAR19-4500-C,2019-02-26,BTC,1MAR19,4500,C,0.0005,98.39,2,3794.89
BTC-26APR19-2000-P,2019-02-19,BTC,26APR19,2000,P,0.0015,76.86,4,3954.77
BTC-26APR19-2000-P,2019-02-24,BTC,26APR19,2000,P,0.0005,73.35,1,4151.06
BTC-26APR19-2000-P,2019-02-25,BTC,26APR19,2000,P,0.002,77.9,1,3770.07
BTC-26APR19-2000-P,2019-02-26,BTC,26APR19,2000,P,0.002,80.0,2,3796.48
BTC-26APR19-2000-P,2019-02-27,BTC,26APR19,2000,P,0.0025,83.13,3,3799.21
BTC-26APR19-2000-P,2019-02-28,BTC,26APR19,2000,P,0.001,74.68,1,3844.03
BTC-27SEP19-3500-P,2019-02-14,BTC,27SEP19,3500,P,0.19,61.9,2,3555.4
BTC-27SEP19-3500-P,2019-02-16,BTC,27SEP19,3500,P,0.1755,60.34,8,3591.38
BTC-27SEP19-3500-P,2019-02-17,BTC,27SEP19,3500,P,0.1775,60.12,2,3571.61
BTC-27SEP19-3500-P,2019-02-18,BTC,27SEP19,3500,P,0.1435,59.94,3,3794.34
BTC-27SEP19-3500-P,2019-02-19,BTC,27SEP19,3500,P,0.123,59.9,1,3937.16
BTC-27SEP19-3500-P,2019-02-20,BTC,27SEP19,3500,P,0.1255,60.34,3,3927.06
BTC-27SEP19-3500-P,2019-02-21,BTC,27SEP19,3500,P,0.1235,59.2,1,3907.51
BTC-27SEP19-3500-P,2019-02-23,BTC,27SEP19,3500,P,0.113,60.06,1,4041.03
BTC-27SEP19-3500-P,2019-02-24,BTC,27SEP19,3500,P,0.1625,65.08,3,3761.1
BTC-27SEP19-3500-P,2019-02-25,BTC,27SEP19,3500,P,0.1445,59.75,1,3770.19
BTC-27SEP19-3500-P,2019-02-27,BTC,27SEP19,3500,P,0.1355,58.93,2,3819.37
BTC-27SEP19-3500-P,2019-02-28,BTC,27SEP19,3500,P,0.1365,59.03,1,3804.76
BTC-27SEP19-11000-C,2019-02-18,BTC,27SEP19,11000,C,0.0055,64.44,3,3870.01
BTC-27SEP19-11000-C,2019-02-21,BTC,27SEP19,11000,C,0.0025,57.63,6,3897.06
BTC-27SEP19-11000-C,2019-02-23,BTC,27SEP19,11000,C,0.006,65.22,1,3927.25
BTC-27SEP19-11000-C,2019-02-24,BTC,27SEP19,11000,C,0.0095,67.58,4,4140.41
BTC-27SEP19-11000-C,2019-02-25,BTC,27SEP19,11000,C,0.006,66.99,4,3848.74
BTC-27SEP19-11000-C,2019-02-28,BTC,27SEP19,11000,C,0.005,66.12,1,3804.16
BTC-22FEB19-3875-P,2019-02-14,BTC,22FEB19,3875,P,0.0875,45.1,1,3574.71
BTC-22FEB19-3875-P,2019-02-15,BTC,22FEB19,3875,P,0.0935,63.74,3,3569.56
BTC-22FEB19-3875-P,2019-02-17,BTC,22FEB19,3875,P,0.07,52.93,1,3635.21
BTC-22FEB19-3875-P,2019-02-18,BTC,22FEB19,3875,P,0.025,63.07,27,3868.87
BTC-22FEB19-3875-P,2019-02-19,BTC,22FEB19,3875,P,0.0185,61.64,68,3886.8
BTC-22FEB19-3875-P,2019-02-20,BTC,22FEB19,3875,P,0.006999999999999999,51.67,39,3932.22
BTC-22FEB19-3875-P,2019-02-21,BTC,22FEB19,3875,P,0.0065,54.36,31,3893.55
BTC-26APR19-5000-P,2019-02-24,BTC,26APR19,5000,P,0.3315,52.48,1,3808.27
BTC-26APR19-5000-P,2019-02-27,BTC,26APR19,5000,P,0.36,58.13,1,3716.12
BTC-1MAR19-4000-C,2019-02-21,BTC,1MAR19,4000,C,0.0185,53.56,35,3887.72
BTC-1MAR19-4000-C,2019-02-22,BTC,1MAR19,4000,C,0.021,50.94,82,3949.07
BTC-1MAR19-4000-C,2019-02-23,BTC,1MAR19,4000,C,0.0435,56.78,52,4116.1
BTC-1MAR19-4000-C,2019-02-24,BTC,1MAR19,4000,C,0.009000000000000001,71.36,55,3746.93
BTC-1MAR19-4000-C,2019-02-25,BTC,1MAR19,4000,C,0.008,63.09,65,3821.15
BTC-1MAR19-4000-C,2019-02-26,BTC,1MAR19,4000,C,0.004,63.21,19,3789.69
BTC-1MAR19-4000-C,2019-02-27,BTC,1MAR19,4000,C,0.0015,64.62,18,3784.46
BTC-1MAR19-4000-C,2019-02-28,BTC,1MAR19,4000,C,0.001,81.41,37,3805.98
BTC-26APR19-3750-C,2019-02-16,BTC,26APR19,3750,C,0.076,55.07,5,3593.31
BTC-26APR19-3750-C,2019-02-17,BTC,26APR19,3750,C,0.075,56.19,5,3570.7
BTC-26APR19-3750-C,2019-02-18,BTC,26APR19,3750,C,0.0985,55.22,4,3788.94
BTC-26APR19-3750-C,2019-02-19,BTC,26APR19,3750,C,0.122,61.38,2,3891.42
BTC-26APR19-3750-C,2019-02-20,BTC,26APR19,3750,C,0.1215,58.4,7,3930.45
BTC-26APR19-3750-C,2019-02-21,BTC,26APR19,3750,C,0.1175,57.97,2,3903.98
BTC-26APR19-3750-C,2019-02-22,BTC,26APR19,3750,C,0.1205,57.19,1,3937.88
BTC-26APR19-3750-C,2019-02-23,BTC,26APR19,3750,C,0.1225,60.6,1,3932.64
BTC-26APR19-3750-C,2019-02-24,BTC,26APR19,3750,C,0.1005,59.28,6,3816.79
BTC-26APR19-3750-C,2019-02-25,BTC,26APR19,3750,C,0.1045,59.61,7,3845.67
BTC-26APR19-3750-C,2019-02-26,BTC,26APR19,3750,C,0.0995,59.46,3,3809.86
BTC-26APR19-3750-C,2019-02-27,BTC,26APR19,3750,C,0.0865,57.48,2,3724.34
BTC-26APR19-3750-C,2019-02-28,BTC,26APR19,3750,C,0.09699999999999999,57.02,1,3823.9
BTC-27SEP19-5000-C,2019-02-14,BTC,27SEP19,5000,C,0.069,58.36,2,3572.62
BTC-27SEP19-5000-C,2019-02-15,BTC,27SEP19,5000,C,0.0685,57.72,2,3593.07
BTC-27SEP19-5000-C,2019-02-16,BTC,27SEP19,5000,C,0.0725,58.83,3,3597.17
BTC-27SEP19-5000-C,2019-02-17,BTC,27SEP19,5000,C,0.068,57.65,1,3582.16
BTC-27SEP19-5000-C,2019-02-18,BTC,27SEP19,5000,C,0.0875,57.52,15,3857.76
BTC-27SEP19-5000-C,2019-02-19,BTC,27SEP19,5000,C,0.0945,59.32,2,3881.65
BTC-27SEP19-5000-C,2019-02-20,BTC,27SEP19,5000,C,0.0985,59.95,2,3924.0
BTC-27SEP19-5000-C,2019-02-21,BTC,27SEP19,5000,C,0.0925,58.09,1,3917.44
BTC-27SEP19-5000-C,2019-02-22,BTC,27SEP19,5000,C,0.093,57.7,2,3944.06
BTC-27SEP19-5000-C,2019-02-27,BTC,27SEP19,5000,C,0.084,59.69,5,3794.38
BTC-29MAR19-9000-C,2019-02-24,BTC,29MAR19,9000,C,0.001,103.68,1,4157.48
BTC-26APR19-4250-P,2019-02-18,BTC,26APR19,4250,P,0.162,55.3,1,3836.84
BTC-26APR19-4250-P,2019-02-20,BTC,26APR19,4250,P,0.14300000000000002,55.86,2,3924.0
BTC-26APR19-4250-P,2019-02-22,BTC,26APR19,4250,P,0.138,55.59,1,3937.71
BTC-26APR19-4250-P,2019-02-24,BTC,26APR19,4250,P,0.1865,64.46,1,3798.23
BTC-28JUN19-10000-P,2019-02-15,BTC,28JUN19,10000,P,1.8155,0.0,1,3561.08
BTC-28JUN19-10000-P,2019-02-18,BTC,28JUN19,10000,P,1.6405,0.0,6,3801.51
BTC-28JUN19-10000-P,2019-02-19,BTC,28JUN19,10000,P,1.5735,81.69,6,3904.15
BTC-28JUN19-10000-P,2019-02-22,BTC,28JUN19,10000,P,1.5415,76.97,1,3943.96
BTC-28JUN19-10000-P,2019-02-24,BTC,28JUN19,10000,P,1.418,0.0,1,4148.92
BTC-28JUN19-10000-P,2019-02-25,BTC,28JUN19,10000,P,1.646,83.59,2,3819.96
BTC-28JUN19-10000-P,2019-02-27,BTC,28JUN19,10000,P,1.682,69.42,1,3757.44
BTC-1MAR19-3875-C,2019-02-21,BTC,1MAR19,3875,C,0.0315,52.75,23,3887.49
BTC-1MAR19-3875-C,2019-02-22,BTC,1MAR19,3875,C,0.035,49.49,42,3940.85
BTC-1MAR19-3875-C,2019-02-23,BTC,1MAR19,3875,C,0.0655,61.0,10,4108.14
BTC-1MAR19-3875-C,2019-02-24,BTC,1MAR19,3875,C,0.017,73.13,40,3734.5
BTC-1MAR19-3875-C,2019-02-25,BTC,1MAR19,3875,C,0.018000000000000002,63.43,40,3821.23
BTC-1MAR19-3875-C,2019-02-26,BTC,1MAR19,3875,C,0.01,57.39,42,3796.73
BTC-1MAR19-3875-C,2019-02-27,BTC,1MAR19,3875,C,0.0055,53.01,84,3801.55
BTC-1MAR19-3875-C,2019-02-28,BTC,1MAR19,3875,C,0.0045,69.76,52,3809.4
BTC-1MAR19-4125-C,2019-02-21,BTC,1MAR19,4125,C,0.009000000000000001,51.13,4,3893.12
BTC-1MAR19-4125-C,2019-02-22,BTC,1MAR19,4125,C,0.0115,52.72,62,3949.55
BTC-1MAR19-4125-C,2019-02-23,BTC,1MAR19,4125,C,0.025,54.79,54,4112.35
BTC-1MAR19-4125-C,2019-02-24,BTC,1MAR19,4125,C,0.0035,69.69,31,3732.24
BTC-1MAR19-4125-C,2019-02-25,BTC,1MAR19,4125,C,0.0035,66.16,21,3817.39
BTC-1MAR19-4125-C,2019-02-26,BTC,1MAR19,4125,C,0.001,61.61,8,3798.49
BTC-1MAR19-4125-C,2019-02-27,BTC,1MAR19,4125,C,0.0005,83.35,10,3714.48
BTC-1MAR19-4125-C,2019-02-28,BTC,1MAR19,4125,C,0.0005,84.1,2,3822.52
BTC-29MAR19-4000-P,2019-02-15,BTC,29MAR19,4000,P,0.153,53.38,3,3576.13
BTC-29MAR19-4000-P,2019-02-16,BTC,29MAR19,4000,P,0.14800000000000002,55.78,1,3598.98
BTC-29MAR19-4000-P,2019-02-17,BTC,29MAR19,4000,P,0.15,54.65,1,3581.15
BTC-29MAR19-4000-P,2019-02-18,BTC,29MAR19,4000,P,0.0905,55.2,6,3871.83
BTC-29MAR19-4000-P,2019-02-19,BTC,29MAR19,4000,P,0.09,57.86,22,3880.31
BTC-29MAR19-4000-P,2019-02-20,BTC,29MAR19,4000,P,0.084,60.11,19,3929.27
BTC-29MAR19-4000-P,2019-02-21,BTC,29MAR19,4000,P,0.084,56.75,10,3888.13
BTC-29MAR19-4000-P,2019-02-22,BTC,29MAR19,4000,P,0.0785,57.59,13,3928.15
BTC-29MAR19-4000-P,2019-02-23,BTC,29MAR19,4000,P,0.0565,60.18,11,4129.76
BTC-29MAR19-4000-P,2019-02-24,BTC,29MAR19,4000,P,0.1045,55.58,20,3788.06
BTC-29MAR19-4000-P,2019-02-25,BTC,29MAR19,4000,P,0.113,63.31,2,3779.84
BTC-29MAR19-4000-P,2019-02-26,BTC,29MAR19,4000,P,0.102,56.93,3,3791.9
BTC-29MAR19-4000-P,2019-02-27,BTC,29MAR19,4000,P,0.1125,60.15,6,3743.42
BTC-29MAR19-4000-P,2019-02-28,BTC,29MAR19,4000,P,0.1025,58.88,4,3777.8
BTC-22FEB19-3000-P,2019-02-14,BTC,22FEB19,3000,P,0.0015,69.56,4,3562.06
BTC-22FEB19-3000-P,2019-02-15,BTC,22FEB19,3000,P,0.0015,72.08,1,3571.63
BTC-22FEB19-3000-P,2019-02-16,BTC,22FEB19,3000,P,0.0005,70.5,8,3596.77
BTC-22FEB19-3000-P,2019-02-17,BTC,22FEB19,3000,P,0.001,89.08,3,3607.2
BTC-22FEB19-3000-P,2019-02-18,BTC,22FEB19,3000,P,0.0005,119.07,5,3886.47
BTC-22FEB19-3000-P,2019-02-19,BTC,22FEB19,3000,P,0.0005,142.53,9,3938.98
BTC-22FEB19-3000-P,2019-02-21,BTC,22FEB19,3000,P,0.0005,218.77,1,3931.49
BTC-8MAR19-3750-C,2019-02-28,BTC,8MAR19,3750,C,0.0365,51.62,9,3799.98
BTC-26APR19-5000-C,2019-02-15,BTC,26APR19,5000,C,0.01,54.35,1,3590.67
BTC-26APR19-5000-C,2019-02-16,BTC,26APR19,5000,C,0.0105,55.55,4,3585.87
BTC-26APR19-5000-C,2019-02-17,BTC,26APR19,5000,C,0.0095,54.82,7,3573.39
BTC-26APR19-5000-C,2019-02-18,BTC,26APR19,5000,C,0.0175,55.7,2,3824.31
BTC-26APR19-5000-C,2019-02-19,BTC,26APR19,5000,C,0.026000000000000002,60.04,2,3916.24
BTC-26APR19-5000-C,2019-02-20,BTC,26APR19,5000,C,0.0275,61.06,7,3932.22
BTC-26APR19-5000-C,2019-02-21,BTC,26APR19,5000,C,0.0225,58.12,2,3899.79
BTC-26APR19-5000-C,2019-02-22,BTC,26APR19,5000,C,0.022,56.55,4,3947.74
BTC-26APR19-5000-C,2019-02-23,BTC,26APR19,5000,C,0.0295,56.9,7,4116.65
BTC-26APR19-5000-C,2019-02-24,BTC,26APR19,5000,C,0.018000000000000002,61.5,4,3772.81
BTC-26APR19-5000-C,2019-02-25,BTC,26APR19,5000,C,0.0175,61.05,5,3779.96
BTC-26APR19-5000-C,2019-02-26,BTC,26APR19,5000,C,0.0165,60.13,4,3793.06
BTC-26APR19-5000-C,2019-02-27,BTC,26APR19,5000,C,0.0155,58.27,3,3822.43
BTC-26APR19-5000-C,2019-02-28,BTC,26APR19,5000,C,0.016,58.23,11,3848.41
BTC-29MAR19-3500-P,2019-02-14,BTC,29MAR19,3500,P,0.07,57.35,12,3572.12
BTC-29MAR19-3500-P,2019-02-15,BTC,29MAR19,3500,P,0.0675,55.91,27,3564.8
BTC-29MAR19-3500-P,2019-02-16,BTC,29MAR19,3500,P,0.0625,55.33,19,3586.16
BTC-29MAR19-3500-P,2019-02-17,BTC,29MAR19,3500,P,0.057,56.07,27,3626.15
BTC-29MAR19-3500-P,2019-02-18,BTC,29MAR19,3500,P,0.0365,59.96,163,3858.42
BTC-29MAR19-3500-P,2019-02-19,BTC,29MAR19,3500,P,0.032,59.93,151,3896.07
BTC-29MAR19-3500-P,2019-02-20,BTC,29MAR19,3500,P,0.029,60.91,38,3938.43
BTC-29MAR19-3500-P,2019-02-21,BTC,29MAR19,3500,P,0.03,58.9,57,3881.02
BTC-29MAR19-3500-P,2019-02-22,BTC,29MAR19,3500,P,0.026,59.84,47,3941.85
BTC-29MAR19-3500-P,2019-02-23,BTC,29MAR19,3500,P,0.02,64.23,37,4112.64
BTC-29MAR19-3500-P,2019-02-24,BTC,29MAR19,3500,P,0.040999999999999995,60.8,94,3778.32
BTC-29MAR19-3500-P,2019-02-25,BTC,29MAR19,3500,P,0.0355,60.86,21,3827.15
BTC-29MAR19-3500-P,2019-02-26,BTC,29MAR19,3500,P,0.037000000000000005,60.37,53,3789.39
BTC-29MAR19-3500-P,2019-02-27,BTC,29MAR19,3500,P,0.0325,57.87,58,3797.57
BTC-29MAR19-3500-P,2019-02-28,BTC,29MAR19,3500,P,0.0295,59.92,21,3850.77
BTC-27SEP19-3500-C,2019-02-14,BTC,27SEP19,3500,C,0.1865,58.91,1,3574.63
BTC-27SEP19-3500-C,2019-02-16,BTC,27SEP19,3500,C,0.192,59.48,1,3598.56
BTC-27SEP19-3500-C,2019-02-17,BTC,27SEP19,3500,C,0.1875,58.41,1,3594.82
BTC-27SEP19-3500-C,2019-02-18,BTC,27SEP19,3500,C,0.2205,58.07,14,3856.56
BTC-27SEP19-3500-C,2019-02-19,BTC,27SEP19,3500,C,0.2325,59.47,3,3932.45
BTC-27SEP19-3500-C,2019-02-20,BTC,27SEP19,3500,C,0.23,58.22,1,3935.39
BTC-27SEP19-3500-C,2019-02-23,BTC,27SEP19,3500,C,0.23,59.41,1,3925.2
BTC-27SEP19-3500-C,2019-02-25,BTC,27SEP19,3500,C,0.213,61.7,4,3762.11
BTC-27SEP19-3500-C,2019-02-26,BTC,27SEP19,3500,C,0.2105,59.22,3,3808.34
BTC-27SEP19-3500-C,2019-02-27,BTC,27SEP19,3500,C,0.2085,60.62,9,3746.06
BTC-27SEP19-3500-C,2019-02-28,BTC,27SEP19,3500,C,0.2135,60.09,1,3804.51
BTC-28JUN19-4000-C,2019-02-14,BTC,28JUN19,4000,C,0.0915,57.85,1,3577.53
BTC-28JUN19-4000-C,2019-02-16,BTC,28JUN19,4000,C,0.0875,55.93,4,3585.12
BTC-28JUN19-4000-C,2019-02-17,BTC,28JUN19,4000,C,0.09,56.75,1,3589.02
BTC-28JUN19-4000-C,2019-02-18,BTC,28JUN19,4000,C,0.1235,58.75,11,3859.33
BTC-28JUN19-4000-C,2019-02-19,BTC,28JUN19,4000,C,0.132,59.62,9,3928.23
BTC-28JUN19-4000-C,2019-02-20,BTC,28JUN19,4000,C,0.1335,60.44,6,3924.0
BTC-28JUN19-4000-C,2019-02-21,BTC,28JUN19,4000,C,0.1215,56.79,5,3891.03
BTC-28JUN19-4000-C,2019-02-22,BTC,28JUN19,4000,C,0.1315,59.01,16,3943.78
BTC-28JUN19-4000-C,2019-02-23,BTC,28JUN19,4000,C,0.145,59.75,3,4075.17
BTC-28JUN19-4000-C,2019-02-24,BTC,28JUN19,4000,C,0.1105,60.68,14,3764.69
BTC-28JUN19-4000-C,2019-02-25,BTC,28JUN19,4000,C,0.1155,61.08,6,3790.6
BTC-28JUN19-4000-C,2019-02-26,BTC,28JUN19,4000,C,0.1085,58.15,6,3797.68
BTC-28JUN19-4000-C,2019-02-27,BTC,28JUN19,4000,C,0.1015,57.57,5,3746.07
BTC-28JUN19-4000-C,2019-02-28,BTC,28JUN19,4000,C,0.1115,57.93,3,3838.74
BTC-27SEP19-2000-C,2019-02-16,BTC,27SEP19,2000,C,0.4765,76.66,1,3588.17
BTC-27SEP19-2000-C,2019-02-21,BTC,27SEP19,2000,C,0.528,87.48,8,3898.67
BTC-27SEP19-2000-C,2019-02-22,BTC,27SEP19,2000,C,0.5015,59.61,4,3921.64
BTC-29MAR19-3250-P,2019-02-14,BTC,29MAR19,3250,P,0.0405,57.56,8,3563.39
BTC-29MAR19-3250-P,2019-02-15,BTC,29MAR19,3250,P,0.039,56.64,7,3558.81
BTC-29MAR19-3250-P,2019-02-16,BTC,29MAR19,3250,P,0.036000000000000004,58.07,4,3592.97
BTC-29MAR19-3250-P,2019-02-17,BTC,29MAR19,3250,P,0.0315,55.58,15,3606.23
BTC-29MAR19-3250-P,2019-02-18,BTC,29MAR19,3250,P,0.0185,59.79,16,3856.49
BTC-29MAR19-3250-P,2019-02-19,BTC,29MAR19,3250,P,0.016,62.81,16,3945.79
BTC-29MAR19-3250-P,2019-02-20,BTC,29MAR19,3250,P,0.014,60.2,13,3931.92
BTC-29MAR19-3250-P,2019-02-21,BTC,29MAR19,3250,P,0.015,60.85,23,3894.22
BTC-29MAR19-3250-P,2019-02-22,BTC,29MAR19,3250,P,0.015,64.39,34,3944.39
BTC-29MAR19-3250-P,2019-02-23,BTC,29MAR19,3250,P,0.009000000000000001,64.54,35,4138.91
BTC-29MAR19-3250-P,2019-02-24,BTC,29MAR19,3250,P,0.022000000000000002,62.79,40,3784.1
BTC-29MAR19-3250-P,2019-02-25,BTC,29MAR19,3250,P,0.019,63.64,29,3825.28
BTC-29MAR19-3250-P,2019-02-26,BTC,29MAR19,3250,P,0.017,59.89,26,3795.06
BTC-29MAR19-3250-P,2019-02-27,BTC,29MAR19,3250,P,0.016,60.77,47,3809.31
BTC-29MAR19-3250-P,2019-02-28,BTC,29MAR19,3250,P,0.0155,61.5,20,3814.2
BTC-28JUN19-15000-P,2019-02-15,BTC,28JUN19,15000,P,3.2185,0.0,1,3561.42
BTC-28JUN19-15000-P,2019-02-18,BTC,28JUN19,15000,P,2.928,0.0,6,3824.47
BTC-29MAR19-2750-C,2019-02-21,BTC,29MAR19,2750,C,0.306,84.78,2,3893.23
BTC-29MAR19-2750-C,2019-02-22,BTC,29MAR19,2750,C,0.2965,51.83,2,3890.92
BTC-29MAR19-2750-C,2019-02-24,BTC,29MAR19,2750,C,0.305,128.16,7,3768.14
BTC-29MAR19-2750-C,2019-02-25,BTC,29MAR19,2750,C,0.2785,77.89,1,3790.87
BTC-28JUN19-4500-C,2019-02-14,BTC,28JUN19,4500,C,0.0525,55.98,1,3567.96
BTC-28JUN19-4500-C,2019-02-15,BTC,28JUN19,4500,C,0.0535,56.63,1,3564.92
BTC-28JUN19-4500-C,2019-02-16,BTC,28JUN19,4500,C,0.056,56.91,4,3591.88
BTC-28JUN19-4500-C,2019-02-18,BTC,28JUN19,4500,C,0.077,56.34,9,3874.93
BTC-28JUN19-4500-C,2019-02-19,BTC,28JUN19,4500,C,0.0895,59.66,2,3942.28
BTC-28JUN19-4500-C,2019-02-20,BTC,28JUN19,4500,C,0.079,55.84,6,3924.21
BTC-28JUN19-4500-C,2019-02-21,BTC,28JUN19,4500,C,0.077,56.17,7,3891.1
BTC-28JUN19-4500-C,2019-02-22,BTC,28JUN19,4500,C,0.085,58.8,3,3921.75
BTC-28JUN19-4500-C,2019-02-23,BTC,28JUN19,4500,C,0.09,60.89,6,3935.53
BTC-28JUN19-4500-C,2019-02-24,BTC,28JUN19,4500,C,0.085,58.51,1,3965.93
BTC-28JUN19-4500-C,2019-02-25,BTC,28JUN19,4500,C,0.07400000000000001,59.62,10,3808.86
BTC-28JUN19-4500-C,2019-02-26,BTC,28JUN19,4500,C,0.0695,58.7,2,3794.91
BTC-28JUN19-4500-C,2019-02-27,BTC,28JUN19,4500,C,0.068,58.03,6,3798.25
BTC-28JUN19-4500-C,2019-02-28,BTC,28JUN19,4500,C,0.0725,59.56,1,3813.07
BTC-8MAR19-3750-P,2019-02-28,BTC,8MAR19,3750,P,0.024,54.33,29,3807.46
BTC-22FEB19-3250-P,2019-02-13,BTC,22FEB19,3250,P,0.0065,59.26,1,3570.96
BTC-22FEB19-3250-P,2019-02-14,BTC,22FEB19,3250,P,0.0045,55.43,53,3562.79
BTC-22FEB19-3250-P,2019-02-15,BTC,22FEB19,3250,P,0.0035,54.92,15,3563.6
BTC-22FEB19-3250-P,2019-02-16,BTC,22FEB19,3250,P,0.0025,57.32,1,3590.81
BTC-22FEB19-3250-P,2019-02-17,BTC,22FEB19,3250,P,0.0025,60.19,2,3569.53
BTC-22FEB19-3250-P,2019-02-18,BTC,22FEB19,3250,P,0.001,95.49,33,3875.13
BTC-22FEB19-3250-P,2019-02-19,BTC,22FEB19,3250,P,0.0005,104.56,22,3886.58
BTC-1MAR19-4250-P,2019-02-23,BTC,1MAR19,4250,P,0.044,52.08,3,4124.85
BTC-1MAR19-4250-P,2019-02-24,BTC,1MAR19,4250,P,0.127,82.19,10,3788.35
BTC-27SEP19-10000-P,2019-02-15,BTC,27SEP19,10000,P,1.8325,0.0,1,3561.42
BTC-29MAR19-3000-C,2019-02-15,BTC,29MAR19,3000,C,0.1805,53.41,1,3614.43
BTC-29MAR19-3000-C,2019-02-18,BTC,29MAR19,3000,C,0.205,65.81,5,3696.66
BTC-29MAR19-3000-C,2019-02-19,BTC,29MAR19,3000,C,0.24100000000000002,67.66,1,3877.77
BTC-29MAR19-3000-C,2019-02-21,BTC,29MAR19,3000,C,0.238,56.12,8,3900.01
BTC-29MAR19-3000-C,2019-02-22,BTC,29MAR19,3000,C,0.2425,56.13,2,3923.71
BTC-29MAR19-3000-C,2019-02-25,BTC,29MAR19,3000,C,0.221,63.42,3,3834.19
BTC-29MAR19-3000-C,2019-02-26,BTC,29MAR19,3000,C,0.2195,63.68,2,3824.68
BTC-28JUN19-13000-C,2019-02-16,BTC,28JUN19,13000,C,0.001,80.2,1,3596.34
BTC-28JUN19-13000-C,2019-02-18,BTC,28JUN19,13000,C,0.0005,71.4,2,3886.65
BTC-28JUN19-13000-C,2019-02-19,BTC,28JUN19,13000,C,0.0015,79.87,1,3884.44
BTC-28JUN19-13000-C,2019-02-22,BTC,28JUN19,13000,C,0.001,77.27,1,3890.8
BTC-1MAR19-3875-P,2019-02-21,BTC,1MAR19,3875,P,0.026000000000000002,49.6,33,3891.03
BTC-1MAR19-3875-P,2019-02-22,BTC,1MAR19,3875,P,0.0185,48.42,34,3935.61
BTC-1MAR19-3875-P,2019-02-23,BTC,1MAR19,3875,P,0.008,58.8,22,4107.94
BTC-1MAR19-3875-P,2019-02-24,BTC,1MAR19,3875,P,0.0495,70.62,39,3756.94
BTC-1MAR19-3875-P,2019-02-26,BTC,1MAR19,3875,P,0.035,66.74,6,3799.92
BTC-1MAR19-3875-P,2019-02-27,BTC,1MAR19,3875,P,0.041,74.98,17,3745.38
BTC-1MAR19-3875-P,2019-02-28,BTC,1MAR19,3875,P,0.0215,68.05,39,3809.53
BTC-29MAR19-3750-C,2019-02-14,BTC,29MAR19,3750,C,0.0525,56.0,7,3563.48
BTC-29MAR19-3750-C,2019-02-15,BTC,29MAR19,3750,C,0.049,53.47,37,3564.63
BTC-29MAR19-3750-C,2019-02-16,BTC,29MAR19,3750,C,0.0525,54.0,17,3588.65
BTC-29MAR19-3750-C,2019-02-17,BTC,29MAR19,3750,C,0.0505,54.17,37,3580.27
BTC-29MAR19-3750-C,2019-02-18,BTC,29MAR19,3750,C,0.087,56.27,194,3859.3
BTC-29MAR19-3750-C,2019-02-19,BTC,29MAR19,3750,C,0.0975,58.55,49,3916.37
BTC-29MAR19-3750-C,2019-02-20,BTC,29MAR19,3750,C,0.098,59.47,31,3924.87
BTC-29MAR19-3750-C,2019-02-21,BTC,29MAR19,3750,C,0.0895,55.39,11,3886.22
BTC-29MAR19-3750-C,2019-02-22,BTC,29MAR19,3750,C,0.1015,61.09,20,3943.56
BTC-29MAR19-3750-C,2019-02-23,BTC,29MAR19,3750,C,0.126,61.26,39,4128.79
BTC-29MAR19-3750-C,2019-02-24,BTC,29MAR19,3750,C,0.07200000000000001,61.39,16,3762.09
BTC-29MAR19-3750-C,2019-02-25,BTC,29MAR19,3750,C,0.077,59.65,14,3828.72
BTC-29MAR19-3750-C,2019-02-26,BTC,29MAR19,3750,C,0.07200000000000001,58.96,26,3801.76
BTC-29MAR19-3750-C,2019-02-27,BTC,29MAR19,3750,C,0.07,57.21,64,3802.5
BTC-29MAR19-3750-C,2019-02-28,BTC,29MAR19,3750,C,0.0685,57.08,62,3798.35
